{"type":"FeatureCollection","features":[{"type":"Feature","geometry":{"type":"Point","coordinates":[-73.9669848502124,40.70813930768699]},"properties":{"vehicle_id":"NV-100","status":"maintenance","recorded_at":"2026-09-01 12:26:00+00","location_basis":"synthetic H3-centre fleet seed"}},{"type":"Feature","geometry":{"type":"Point","coordinates":[-73.95661115441824,40.77186039737063]},"properties":{"vehicle_id":"NV-102","status":"charging","recorded_at":"2026-09-01 19:36:00+00","location_basis":"synthetic H3-centre fleet seed"}},{"type":"Feature","geometry":{"type":"Point","coordinates":[-74.00423757543584,40.73091709639526]},"properties":{"vehicle_id":"NV-104","status":"idle","recorded_at":"2026-09-01 17:05:00+00","location_basis":"synthetic H3-centre fleet seed"}},{"type":"Feature","geometry":{"type":"Point","coordinates":[-73.96496216197336,40.766347735254335]},"properties":{"vehicle_id":"NV-105","status":"on_trip","recorded_at":"2026-09-01 22:12:00+00","location_basis":"synthetic H3-centre fleet seed"}},{"type":"Feature","geometry":{"type":"Point","coordinates":[-73.93707996576418,40.70893977416665]},"properties":{"vehicle_id":"NV-113","status":"on_trip","recorded_at":"2026-09-01 07:56:00+00","location_basis":"synthetic H3-centre fleet seed"}},{"type":"Feature","geometry":{"type":"Point","coordinates":[-73.94093126106601,40.75376993809561]},"properties":{"vehicle_id":"NV-115","status":"on_trip","recorded_at":"2026-09-01 07:14:00+00","location_basis":"synthetic H3-centre fleet seed"}},{"type":"Feature","geometry":{"type":"Point","coordinates":[-73.95274336311812,40.72702029834894]},"properties":{"vehicle_id":"NV-116","status":"on_trip","recorded_at":"2026-09-01 06:32:00+00","location_basis":"synthetic H3-centre fleet seed"}},{"type":"Feature","geometry":{"type":"Point","coordinates":[-73.99000374878119,40.74980820333916]},"properties":{"vehicle_id":"NV-121","status":"idle","recorded_at":"2026-09-01 11:09:00+00","location_basis":"synthetic H3-centre fleet seed"}},{"type":"Feature","geometry":{"type":"Point","coordinates":[-73.92629950200593,40.70658414386775]},"properties":{"vehicle_id":"NV-122","status":"idle","recorded_at":"2026-09-01 22:42:00+00","location_basis":"synthetic H3-centre fleet seed"}},{"type":"Feature","geometry":{"type":"Point","coordinates":[-73.99000374878119,40.74980820333916]},"properties":{"vehicle_id":"NV-123","status":"charging","recorded_at":"2026-09-01 16:31:00+00","location_basis":"synthetic H3-centre fleet seed"}},{"type":"Feature","geometry":{"type":"Point","coordinates":[-73.98610581467901,40.70498104661735]},"properties":{"vehicle_id":"NV-125","status":"on_trip","recorded_at":"2026-09-01 09:46:00+00","location_basis":"synthetic H3-centre fleet seed"}},{"type":"Feature","geometry":{"type":"Point","coordinates":[-73.95661115441824,40.77186039737063]},"properties":{"vehicle_id":"NV-127","status":"idle","recorded_at":"2026-09-01 13:34:00+00","location_basis":"synthetic H3-centre fleet seed"}},{"type":"Feature","geometry":{"type":"Point","coordinates":[-73.95274336311812,40.72702029834894]},"properties":{"vehicle_id":"NV-136","status":"idle","recorded_at":"2026-09-01 07:44:00+00","location_basis":"synthetic H3-centre fleet seed"}},{"type":"Feature","geometry":{"type":"Point","coordinates":[-73.97086472899026,40.752968550468005]},"properties":{"vehicle_id":"NV-144","status":"on_trip","recorded_at":"2026-09-01 08:18:00+00","location_basis":"synthetic H3-centre fleet seed"}},{"type":"Feature","geometry":{"type":"Point","coordinates":[-73.99834713342568,40.744294512623796]},"properties":{"vehicle_id":"NV-148","status":"maintenance","recorded_at":"2026-09-01 13:17:00+00","location_basis":"synthetic H3-centre fleet seed"}},{"type":"Feature","geometry":{"type":"Point","coordinates":[-73.9120425913492,40.72545946711864]},"properties":{"vehicle_id":"NV-149","status":"charging","recorded_at":"2026-09-01 15:25:00+00","location_basis":"synthetic H3-centre fleet seed"}},{"type":"Feature","geometry":{"type":"Point","coordinates":[-73.91099748420822,40.754563581292075]},"properties":{"vehicle_id":"NV-154","status":"maintenance","recorded_at":"2026-09-01 22:25:00+00","location_basis":"synthetic H3-centre fleet seed"}},{"type":"Feature","geometry":{"type":"Point","coordinates":[-73.95030207190884,40.7191570254184]},"properties":{"vehicle_id":"NV-156","status":"idle","recorded_at":"2026-09-01 17:40:00+00","location_basis":"synthetic H3-centre fleet seed"}},{"type":"Feature","geometry":{"type":"Point","coordinates":[-73.94928078918478,40.74825962762468]},"properties":{"vehicle_id":"NV-158","status":"on_trip","recorded_at":"2026-09-01 22:20:00+00","location_basis":"synthetic H3-centre fleet seed"}},{"type":"Feature","geometry":{"type":"Point","coordinates":[-73.97575862231949,40.76870181720305]},"properties":{"vehicle_id":"NV-159","status":"idle","recorded_at":"2026-09-01 16:32:00+00","location_basis":"synthetic H3-centre fleet seed"}},{"type":"Feature","geometry":{"type":"Point","coordinates":[-73.9120425913492,40.72545946711864]},"properties":{"vehicle_id":"NV-160","status":"idle","recorded_at":"2026-09-01 14:16:00+00","location_basis":"synthetic H3-centre fleet seed"}},{"type":"Feature","geometry":{"type":"Point","coordinates":[-73.91587124718465,40.77029931745996]},"properties":{"vehicle_id":"NV-161","status":"charging","recorded_at":"2026-09-01 17:18:00+00","location_basis":"synthetic H3-centre fleet seed"}},{"type":"Feature","geometry":{"type":"Point","coordinates":[-73.95762841287764,40.74274905936816]},"properties":{"vehicle_id":"NV-164","status":"maintenance","recorded_at":"2026-09-01 20:52:00+00","location_basis":"synthetic H3-centre fleet seed"}},{"type":"Feature","geometry":{"type":"Point","coordinates":[-74.00079787164594,40.75215941875203]},"properties":{"vehicle_id":"NV-168","status":"charging","recorded_at":"2026-09-01 13:10:00+00","location_basis":"synthetic H3-centre fleet seed"}},{"type":"Feature","geometry":{"type":"Point","coordinates":[-73.9600721722415,40.7506145469853]},"properties":{"vehicle_id":"NV-170","status":"idle","recorded_at":"2026-09-01 12:13:00+00","location_basis":"synthetic H3-centre fleet seed"}},{"type":"Feature","geometry":{"type":"Point","coordinates":[-73.96251675513757,40.75848077235944]},"properties":{"vehicle_id":"NV-173","status":"maintenance","recorded_at":"2026-09-01 10:45:00+00","location_basis":"synthetic H3-centre fleet seed"}},{"type":"Feature","geometry":{"type":"Point","coordinates":[-73.91099748420822,40.754563581292075]},"properties":{"vehicle_id":"NV-179","status":"charging","recorded_at":"2026-09-01 06:13:00+00","location_basis":"synthetic H3-centre fleet seed"}},{"type":"Feature","geometry":{"type":"Point","coordinates":[-73.99344813267909,40.72856691258618]},"properties":{"vehicle_id":"NV-184","status":"idle","recorded_at":"2026-09-01 06:54:00+00","location_basis":"synthetic H3-centre fleet seed"}},{"type":"Feature","geometry":{"type":"Point","coordinates":[-73.96496216197336,40.766347735254335]},"properties":{"vehicle_id":"NV-188","status":"charging","recorded_at":"2026-09-01 10:25:00+00","location_basis":"synthetic H3-centre fleet seed"}},{"type":"Feature","geometry":{"type":"Point","coordinates":[-73.99834713342568,40.744294512623796]},"properties":{"vehicle_id":"NV-193","status":"maintenance","recorded_at":"2026-09-01 13:07:00+00","location_basis":"synthetic H3-centre fleet seed"}},{"type":"Feature","geometry":{"type":"Point","coordinates":[-74.00178736299634,40.72305436427269]},"properties":{"vehicle_id":"NV-196","status":"maintenance","recorded_at":"2026-09-01 13:52:00+00","location_basis":"synthetic H3-centre fleet seed"}},{"type":"Feature","geometry":{"type":"Point","coordinates":[-73.94928078918478,40.74825962762468]},"properties":{"vehicle_id":"NV-204","status":"charging","recorded_at":"2026-09-01 22:06:00+00","location_basis":"synthetic H3-centre fleet seed"}},{"type":"Feature","geometry":{"type":"Point","coordinates":[-73.98755496140967,40.74194333566657]},"properties":{"vehicle_id":"NV-205","status":"maintenance","recorded_at":"2026-09-01 18:44:00+00","location_basis":"synthetic H3-centre fleet seed"}},{"type":"Feature","geometry":{"type":"Point","coordinates":[-73.9478616026046,40.71129449118791]},"properties":{"vehicle_id":"NV-210","status":"maintenance","recorded_at":"2026-09-01 21:01:00+00","location_basis":"synthetic H3-centre fleet seed"}},{"type":"Feature","geometry":{"type":"Point","coordinates":[-73.9958972205727,40.736430343823116]},"properties":{"vehicle_id":"NV-216","status":"on_trip","recorded_at":"2026-09-01 12:27:00+00","location_basis":"synthetic H3-centre fleet seed"}},{"type":"Feature","geometry":{"type":"Point","coordinates":[-73.94195782977722,40.72466549971743]},"properties":{"vehicle_id":"NV-220","status":"idle","recorded_at":"2026-09-01 14:47:00+00","location_basis":"synthetic H3-centre fleet seed"}},{"type":"Feature","geometry":{"type":"Point","coordinates":[-74.00079787164594,40.75215941875203]},"properties":{"vehicle_id":"NV-221","status":"maintenance","recorded_at":"2026-09-01 18:52:00+00","location_basis":"synthetic H3-centre fleet seed"}},{"type":"Feature","geometry":{"type":"Point","coordinates":[-74.01600847979245,40.704167908350385]},"properties":{"vehicle_id":"NV-224","status":"maintenance","recorded_at":"2026-09-01 17:56:00+00","location_basis":"synthetic H3-centre fleet seed"}},{"type":"Feature","geometry":{"type":"Point","coordinates":[-73.95030207190884,40.7191570254184]},"properties":{"vehicle_id":"NV-225","status":"charging","recorded_at":"2026-09-01 15:54:00+00","location_basis":"synthetic H3-centre fleet seed"}},{"type":"Feature","geometry":{"type":"Point","coordinates":[-73.95864441195499,40.713648294564074]},"properties":{"vehicle_id":"NV-229","status":"charging","recorded_at":"2026-09-01 07:03:00+00","location_basis":"synthetic H3-centre fleet seed"}},{"type":"Feature","geometry":{"type":"Point","coordinates":[-73.92039028433493,40.71995316031207]},"properties":{"vehicle_id":"NV-235","status":"charging","recorded_at":"2026-09-01 20:03:00+00","location_basis":"synthetic H3-centre fleet seed"}},{"type":"Feature","geometry":{"type":"Point","coordinates":[-73.91099748420822,40.754563581292075]},"properties":{"vehicle_id":"NV-242","status":"maintenance","recorded_at":"2026-09-01 18:25:00+00","location_basis":"synthetic H3-centre fleet seed"}},{"type":"Feature","geometry":{"type":"Point","coordinates":[-73.93502020244684,40.76714757105887]},"properties":{"vehicle_id":"NV-243","status":"maintenance","recorded_at":"2026-09-01 15:52:00+00","location_basis":"synthetic H3-centre fleet seed"}},{"type":"Feature","geometry":{"type":"Point","coordinates":[-74.0076741787482,40.7096802661834]},"properties":{"vehicle_id":"NV-246","status":"idle","recorded_at":"2026-09-01 20:55:00+00","location_basis":"synthetic H3-centre fleet seed"}},{"type":"Feature","geometry":{"type":"Point","coordinates":[-74.01012468999326,40.71754156113931]},"properties":{"vehicle_id":"NV-257","status":"charging","recorded_at":"2026-09-01 09:24:00+00","location_basis":"synthetic H3-centre fleet seed"}},{"type":"Feature","geometry":{"type":"Point","coordinates":[-73.92282655083757,40.72781704896388]},"properties":{"vehicle_id":"NV-262","status":"idle","recorded_at":"2026-09-01 20:08:00+00","location_basis":"synthetic H3-centre fleet seed"}},{"type":"Feature","geometry":{"type":"Point","coordinates":[-73.91587124718465,40.77029931745996]},"properties":{"vehicle_id":"NV-263","status":"idle","recorded_at":"2026-09-01 19:50:00+00","location_basis":"synthetic H3-centre fleet seed"}},{"type":"Feature","geometry":{"type":"Point","coordinates":[-73.98755496140967,40.74194333566657]},"properties":{"vehicle_id":"NV-264","status":"on_trip","recorded_at":"2026-09-01 06:06:00+00","location_basis":"synthetic H3-centre fleet seed"}},{"type":"Feature","geometry":{"type":"Point","coordinates":[-73.91795483815808,40.71209001079872]},"properties":{"vehicle_id":"NV-266","status":"on_trip","recorded_at":"2026-09-01 06:29:00+00","location_basis":"synthetic H3-centre fleet seed"}},{"type":"Feature","geometry":{"type":"Point","coordinates":[-74.00668861308873,40.73878056609214]},"properties":{"vehicle_id":"NV-267","status":"idle","recorded_at":"2026-09-01 11:04:00+00","location_basis":"synthetic H3-centre fleet seed"}},{"type":"Feature","geometry":{"type":"Point","coordinates":[-73.97086472899026,40.752968550468005]},"properties":{"vehicle_id":"NV-269","status":"maintenance","recorded_at":"2026-09-01 18:39:00+00","location_basis":"synthetic H3-centre fleet seed"}},{"type":"Feature","geometry":{"type":"Point","coordinates":[-73.99099986933716,40.720704219149056]},"properties":{"vehicle_id":"NV-271","status":"on_trip","recorded_at":"2026-09-01 15:20:00+00","location_basis":"synthetic H3-centre fleet seed"}},{"type":"Feature","geometry":{"type":"Point","coordinates":[-74.00914047636303,40.746644773127144]},"properties":{"vehicle_id":"NV-275","status":"on_trip","recorded_at":"2026-09-01 19:26:00+00","location_basis":"synthetic H3-centre fleet seed"}},{"type":"Feature","geometry":{"type":"Point","coordinates":[-74.01012468999326,40.71754156113931]},"properties":{"vehicle_id":"NV-276","status":"maintenance","recorded_at":"2026-09-01 22:13:00+00","location_basis":"synthetic H3-centre fleet seed"}},{"type":"Feature","geometry":{"type":"Point","coordinates":[-73.95416687579231,40.76399273653342]},"properties":{"vehicle_id":"NV-286","status":"on_trip","recorded_at":"2026-09-01 16:29:00+00","location_basis":"synthetic H3-centre fleet seed"}},{"type":"Feature","geometry":{"type":"Point","coordinates":[-73.92873607570803,40.71444659581721]},"properties":{"vehicle_id":"NV-288","status":"on_trip","recorded_at":"2026-09-01 17:12:00+00","location_basis":"synthetic H3-centre fleet seed"}},{"type":"Feature","geometry":{"type":"Point","coordinates":[-73.99099986933716,40.720704219149056]},"properties":{"vehicle_id":"NV-289","status":"idle","recorded_at":"2026-09-01 10:21:00+00","location_basis":"synthetic H3-centre fleet seed"}},{"type":"Feature","geometry":{"type":"Point","coordinates":[-73.99000374878119,40.74980820333916]},"properties":{"vehicle_id":"NV-290","status":"maintenance","recorded_at":"2026-09-01 12:50:00+00","location_basis":"synthetic H3-centre fleet seed"}},{"type":"Feature","geometry":{"type":"Point","coordinates":[-73.9802135458946,40.718353158911775]},"properties":{"vehicle_id":"NV-294","status":"idle","recorded_at":"2026-09-01 20:58:00+00","location_basis":"synthetic H3-centre fleet seed"}},{"type":"Feature","geometry":{"type":"Point","coordinates":[-73.98265986037386,40.72621581321689]},"properties":{"vehicle_id":"NV-297","status":"on_trip","recorded_at":"2026-09-01 09:09:00+00","location_basis":"synthetic H3-centre fleet seed"}},{"type":"Feature","geometry":{"type":"Point","coordinates":[-73.91447772938976,40.73332405309091]},"properties":{"vehicle_id":"NV-298","status":"maintenance","recorded_at":"2026-09-01 13:36:00+00","location_basis":"synthetic H3-centre fleet seed"}},{"type":"Feature","geometry":{"type":"Point","coordinates":[-73.96496216197336,40.766347735254335]},"properties":{"vehicle_id":"NV-304","status":"maintenance","recorded_at":"2026-09-01 09:16:00+00","location_basis":"synthetic H3-centre fleet seed"}},{"type":"Feature","geometry":{"type":"Point","coordinates":[-73.9384905803942,40.74590379275409]},"properties":{"vehicle_id":"NV-305","status":"charging","recorded_at":"2026-09-01 16:08:00+00","location_basis":"synthetic H3-centre fleet seed"}},{"type":"Feature","geometry":{"type":"Point","coordinates":[-73.98265986037386,40.72621581321689]},"properties":{"vehicle_id":"NV-306","status":"charging","recorded_at":"2026-09-01 06:48:00+00","location_basis":"synthetic H3-centre fleet seed"}},{"type":"Feature","geometry":{"type":"Point","coordinates":[-74.00324943564166,40.760025061971376]},"properties":{"vehicle_id":"NV-310","status":"on_trip","recorded_at":"2026-09-01 12:40:00+00","location_basis":"synthetic H3-centre fleet seed"}},{"type":"Feature","geometry":{"type":"Point","coordinates":[-74.01600847979245,40.704167908350385]},"properties":{"vehicle_id":"NV-311","status":"charging","recorded_at":"2026-09-01 21:17:00+00","location_basis":"synthetic H3-centre fleet seed"}},{"type":"Feature","geometry":{"type":"Point","coordinates":[-74.00178736299634,40.72305436427269]},"properties":{"vehicle_id":"NV-313","status":"charging","recorded_at":"2026-09-01 14:49:00+00","location_basis":"synthetic H3-centre fleet seed"}},{"type":"Feature","geometry":{"type":"Point","coordinates":[-73.94337276435117,40.761636821408395]},"properties":{"vehicle_id":"NV-314","status":"idle","recorded_at":"2026-09-01 14:56:00+00","location_basis":"synthetic H3-centre fleet seed"}},{"type":"Feature","geometry":{"type":"Point","coordinates":[-73.91587124718465,40.77029931745996]},"properties":{"vehicle_id":"NV-320","status":"charging","recorded_at":"2026-09-01 20:01:00+00","location_basis":"synthetic H3-centre fleet seed"}},{"type":"Feature","geometry":{"type":"Point","coordinates":[-73.93014027635867,40.75141314739644]},"properties":{"vehicle_id":"NV-321","status":"idle","recorded_at":"2026-09-01 12:14:00+00","location_basis":"synthetic H3-centre fleet seed"}},{"type":"Feature","geometry":{"type":"Point","coordinates":[-73.98855243013952,40.712842263747554]},"properties":{"vehicle_id":"NV-330","status":"charging","recorded_at":"2026-09-01 09:22:00+00","location_basis":"synthetic H3-centre fleet seed"}},{"type":"Feature","geometry":{"type":"Point","coordinates":[-74.00914047636303,40.746644773127144]},"properties":{"vehicle_id":"NV-331","status":"charging","recorded_at":"2026-09-01 14:38:00+00","location_basis":"synthetic H3-centre fleet seed"}},{"type":"Feature","geometry":{"type":"Point","coordinates":[-73.92873607570803,40.71444659581721]},"properties":{"vehicle_id":"NV-334","status":"charging","recorded_at":"2026-09-01 21:07:00+00","location_basis":"synthetic H3-centre fleet seed"}},{"type":"Feature","geometry":{"type":"Point","coordinates":[-73.91795483815808,40.71209001079872]},"properties":{"vehicle_id":"NV-336","status":"on_trip","recorded_at":"2026-09-01 08:42:00+00","location_basis":"synthetic H3-centre fleet seed"}},{"type":"Feature","geometry":{"type":"Point","coordinates":[-73.97331126335344,40.7608348151879]},"properties":{"vehicle_id":"NV-337","status":"maintenance","recorded_at":"2026-09-01 09:18:00+00","location_basis":"synthetic H3-centre fleet seed"}},{"type":"Feature","geometry":{"type":"Point","coordinates":[-73.98165845885661,40.75532163770499]},"properties":{"vehicle_id":"NV-344","status":"charging","recorded_at":"2026-09-01 12:13:00+00","location_basis":"synthetic H3-centre fleet seed"}},{"type":"Feature","geometry":{"type":"Point","coordinates":[-73.94542195479927,40.7034326958928]},"properties":{"vehicle_id":"NV-346","status":"maintenance","recorded_at":"2026-09-01 08:26:00+00","location_basis":"synthetic H3-centre fleet seed"}},{"type":"Feature","geometry":{"type":"Point","coordinates":[-73.98655625625548,40.771054982011556]},"properties":{"vehicle_id":"NV-347","status":"charging","recorded_at":"2026-09-01 06:15:00+00","location_basis":"synthetic H3-centre fleet seed"}},{"type":"Feature","geometry":{"type":"Point","coordinates":[-73.93502020244684,40.76714757105887]},"properties":{"vehicle_id":"NV-348","status":"on_trip","recorded_at":"2026-09-01 11:58:00+00","location_basis":"synthetic H3-centre fleet seed"}},{"type":"Feature","geometry":{"type":"Point","coordinates":[-73.944397994055,40.73252947064457]},"properties":{"vehicle_id":"NV-350","status":"idle","recorded_at":"2026-09-01 22:39:00+00","location_basis":"synthetic H3-centre fleet seed"}},{"type":"Feature","geometry":{"type":"Point","coordinates":[-73.95864441195499,40.713648294564074]},"properties":{"vehicle_id":"NV-354","status":"charging","recorded_at":"2026-09-01 13:13:00+00","location_basis":"synthetic H3-centre fleet seed"}},{"type":"Feature","geometry":{"type":"Point","coordinates":[-73.99933797536255,40.7151923699604]},"properties":{"vehicle_id":"NV-356","status":"charging","recorded_at":"2026-09-01 13:57:00+00","location_basis":"synthetic H3-centre fleet seed"}},{"type":"Feature","geometry":{"type":"Point","coordinates":[-73.97575862231949,40.76870181720305]},"properties":{"vehicle_id":"NV-357","status":"charging","recorded_at":"2026-09-01 10:47:00+00","location_basis":"synthetic H3-centre fleet seed"}},{"type":"Feature","geometry":{"type":"Point","coordinates":[-74.00178736299634,40.72305436427269]},"properties":{"vehicle_id":"NV-358","status":"idle","recorded_at":"2026-09-01 21:38:00+00","location_basis":"synthetic H3-centre fleet seed"}},{"type":"Feature","geometry":{"type":"Point","coordinates":[-73.93707996576418,40.70893977416665]},"properties":{"vehicle_id":"NV-361","status":"maintenance","recorded_at":"2026-09-01 12:32:00+00","location_basis":"synthetic H3-centre fleet seed"}},{"type":"Feature","geometry":{"type":"Point","coordinates":[-73.92526363807171,40.73568167651888]},"properties":{"vehicle_id":"NV-364","status":"idle","recorded_at":"2026-09-01 16:44:00+00","location_basis":"synthetic H3-centre fleet seed"}},{"type":"Feature","geometry":{"type":"Point","coordinates":[-73.92526363807171,40.73568167651888]},"properties":{"vehicle_id":"NV-368","status":"on_trip","recorded_at":"2026-09-01 20:58:00+00","location_basis":"synthetic H3-centre fleet seed"}},{"type":"Feature","geometry":{"type":"Point","coordinates":[-73.92770154644333,40.74354704274161]},"properties":{"vehicle_id":"NV-370","status":"on_trip","recorded_at":"2026-09-01 09:03:00+00","location_basis":"synthetic H3-centre fleet seed"}},{"type":"Feature","geometry":{"type":"Point","coordinates":[-73.96108682941502,40.721510869265764]},"properties":{"vehicle_id":"NV-371","status":"maintenance","recorded_at":"2026-09-01 06:12:00+00","location_basis":"synthetic H3-centre fleet seed"}},{"type":"Feature","geometry":{"type":"Point","coordinates":[-73.98755496140967,40.74194333566657]},"properties":{"vehicle_id":"NV-375","status":"idle","recorded_at":"2026-09-01 18:33:00+00","location_basis":"synthetic H3-centre fleet seed"}},{"type":"Feature","geometry":{"type":"Point","coordinates":[-73.91552021190155,40.70422760065885]},"properties":{"vehicle_id":"NV-377","status":"idle","recorded_at":"2026-09-01 16:48:00+00","location_basis":"synthetic H3-centre fleet seed"}},{"type":"Feature","geometry":{"type":"Point","coordinates":[-74.00423757543584,40.73091709639526]},"properties":{"vehicle_id":"NV-378","status":"charging","recorded_at":"2026-09-01 17:18:00+00","location_basis":"synthetic H3-centre fleet seed"}},{"type":"Feature","geometry":{"type":"Point","coordinates":[-74.00914047636303,40.746644773127144]},"properties":{"vehicle_id":"NV-379","status":"idle","recorded_at":"2026-09-01 21:55:00+00","location_basis":"synthetic H3-centre fleet seed"}},{"type":"Feature","geometry":{"type":"Point","coordinates":[-73.96740839315652,40.77421543543356]},"properties":{"vehicle_id":"NV-380","status":"maintenance","recorded_at":"2026-09-01 14:22:00+00","location_basis":"synthetic H3-centre fleet seed"}},{"type":"Feature","geometry":{"type":"Point","coordinates":[-73.9478616026046,40.71129449118791]},"properties":{"vehicle_id":"NV-382","status":"maintenance","recorded_at":"2026-09-01 12:49:00+00","location_basis":"synthetic H3-centre fleet seed"}},{"type":"Feature","geometry":{"type":"Point","coordinates":[-73.93361168526361,40.73017371692854]},"properties":{"vehicle_id":"NV-392","status":"maintenance","recorded_at":"2026-09-01 07:22:00+00","location_basis":"synthetic H3-centre fleet seed"}},{"type":"Feature","geometry":{"type":"Point","coordinates":[-73.94195782977722,40.72466549971743]},"properties":{"vehicle_id":"NV-394","status":"maintenance","recorded_at":"2026-09-01 12:07:00+00","location_basis":"synthetic H3-centre fleet seed"}},{"type":"Feature","geometry":{"type":"Point","coordinates":[-73.9949037992709,40.765540150398465]},"properties":{"vehicle_id":"NV-397","status":"maintenance","recorded_at":"2026-09-01 19:57:00+00","location_basis":"synthetic H3-centre fleet seed"}},{"type":"Feature","geometry":{"type":"Point","coordinates":[-73.98165845885661,40.75532163770499]},"properties":{"vehicle_id":"NV-399","status":"charging","recorded_at":"2026-09-01 17:42:00+00","location_basis":"synthetic H3-centre fleet seed"}},{"type":"Feature","geometry":{"type":"Point","coordinates":[-73.94928078918478,40.74825962762468]},"properties":{"vehicle_id":"NV-402","status":"maintenance","recorded_at":"2026-09-01 14:44:00+00","location_basis":"synthetic H3-centre fleet seed"}},{"type":"Feature","geometry":{"type":"Point","coordinates":[-73.9120425913492,40.72545946711864]},"properties":{"vehicle_id":"NV-404","status":"on_trip","recorded_at":"2026-09-01 07:25:00+00","location_basis":"synthetic H3-centre fleet seed"}},{"type":"Feature","geometry":{"type":"Point","coordinates":[-73.92039028433493,40.71995316031207]},"properties":{"vehicle_id":"NV-405","status":"idle","recorded_at":"2026-09-01 13:27:00+00","location_basis":"synthetic H3-centre fleet seed"}},{"type":"Feature","geometry":{"type":"Point","coordinates":[-73.96454212959712,40.70027817016744]},"properties":{"vehicle_id":"NV-406","status":"maintenance","recorded_at":"2026-09-01 07:39:00+00","location_basis":"synthetic H3-centre fleet seed"}},{"type":"Feature","geometry":{"type":"Point","coordinates":[-73.92629950200593,40.70658414386775]},"properties":{"vehicle_id":"NV-407","status":"maintenance","recorded_at":"2026-09-01 17:27:00+00","location_basis":"synthetic H3-centre fleet seed"}},{"type":"Feature","geometry":{"type":"Point","coordinates":[-73.91691368790532,40.74118937795546]},"properties":{"vehicle_id":"NV-408","status":"idle","recorded_at":"2026-09-01 11:16:00+00","location_basis":"synthetic H3-centre fleet seed"}},{"type":"Feature","geometry":{"type":"Point","coordinates":[-73.98265986037386,40.72621581321689]},"properties":{"vehicle_id":"NV-409","status":"on_trip","recorded_at":"2026-09-01 12:02:00+00","location_basis":"synthetic H3-centre fleet seed"}},{"type":"Feature","geometry":{"type":"Point","coordinates":[-73.93464226521701,40.70107802001348]},"properties":{"vehicle_id":"NV-411","status":"charging","recorded_at":"2026-09-01 08:29:00+00","location_basis":"synthetic H3-centre fleet seed"}},{"type":"Feature","geometry":{"type":"Point","coordinates":[-73.95864441195499,40.713648294564074]},"properties":{"vehicle_id":"NV-412","status":"idle","recorded_at":"2026-09-01 21:42:00+00","location_basis":"synthetic H3-centre fleet seed"}},{"type":"Feature","geometry":{"type":"Point","coordinates":[-73.944397994055,40.73252947064457]},"properties":{"vehicle_id":"NV-425","status":"charging","recorded_at":"2026-09-01 17:18:00+00","location_basis":"synthetic H3-centre fleet seed"}},{"type":"Feature","geometry":{"type":"Point","coordinates":[-73.91795483815808,40.71209001079872]},"properties":{"vehicle_id":"NV-430","status":"on_trip","recorded_at":"2026-09-01 19:57:00+00","location_basis":"synthetic H3-centre fleet seed"}},{"type":"Feature","geometry":{"type":"Point","coordinates":[-73.92873607570803,40.71444659581721]},"properties":{"vehicle_id":"NV-431","status":"maintenance","recorded_at":"2026-09-01 16:57:00+00","location_basis":"synthetic H3-centre fleet seed"}},{"type":"Feature","geometry":{"type":"Point","coordinates":[-74.01600847979245,40.704167908350385]},"properties":{"vehicle_id":"NV-436","status":"idle","recorded_at":"2026-09-01 12:23:00+00","location_basis":"synthetic H3-centre fleet seed"}},{"type":"Feature","geometry":{"type":"Point","coordinates":[-73.93361168526361,40.73017371692854]},"properties":{"vehicle_id":"NV-438","status":"maintenance","recorded_at":"2026-09-01 10:39:00+00","location_basis":"synthetic H3-centre fleet seed"}},{"type":"Feature","geometry":{"type":"Point","coordinates":[-73.91447772938976,40.73332405309091]},"properties":{"vehicle_id":"NV-444","status":"maintenance","recorded_at":"2026-09-01 06:20:00+00","location_basis":"synthetic H3-centre fleet seed"}},{"type":"Feature","geometry":{"type":"Point","coordinates":[-73.95274336311812,40.72702029834894]},"properties":{"vehicle_id":"NV-445","status":"maintenance","recorded_at":"2026-09-01 16:29:00+00","location_basis":"synthetic H3-centre fleet seed"}},{"type":"Feature","geometry":{"type":"Point","coordinates":[-73.92178806798546,40.75692224341925]},"properties":{"vehicle_id":"NV-448","status":"on_trip","recorded_at":"2026-09-01 19:32:00+00","location_basis":"synthetic H3-centre fleet seed"}},{"type":"Feature","geometry":{"type":"Point","coordinates":[-73.91935046730184,40.749055441476806]},"properties":{"vehicle_id":"NV-449","status":"maintenance","recorded_at":"2026-09-01 15:30:00+00","location_basis":"synthetic H3-centre fleet seed"}},{"type":"Feature","geometry":{"type":"Point","coordinates":[-73.91587124718465,40.77029931745996]},"properties":{"vehicle_id":"NV-450","status":"on_trip","recorded_at":"2026-09-01 17:38:00+00","location_basis":"synthetic H3-centre fleet seed"}},{"type":"Feature","geometry":{"type":"Point","coordinates":[-73.98610581467901,40.70498104661735]},"properties":{"vehicle_id":"NV-453","status":"on_trip","recorded_at":"2026-09-01 21:56:00+00","location_basis":"synthetic H3-centre fleet seed"}},{"type":"Feature","geometry":{"type":"Point","coordinates":[-73.9958972205727,40.736430343823116]},"properties":{"vehicle_id":"NV-454","status":"charging","recorded_at":"2026-09-01 22:20:00+00","location_basis":"synthetic H3-centre fleet seed"}},{"type":"Feature","geometry":{"type":"Point","coordinates":[-73.9851069987431,40.734079205547104]},"properties":{"vehicle_id":"NV-455","status":"maintenance","recorded_at":"2026-09-01 22:01:00+00","location_basis":"synthetic H3-centre fleet seed"}},{"type":"Feature","geometry":{"type":"Point","coordinates":[-73.98855243013952,40.712842263747554]},"properties":{"vehicle_id":"NV-457","status":"idle","recorded_at":"2026-09-01 19:00:00+00","location_basis":"synthetic H3-centre fleet seed"}},{"type":"Feature","geometry":{"type":"Point","coordinates":[-73.91343395497815,40.762431080288984]},"properties":{"vehicle_id":"NV-463","status":"charging","recorded_at":"2026-09-01 16:13:00+00","location_basis":"synthetic H3-centre fleet seed"}},{"type":"Feature","geometry":{"type":"Point","coordinates":[-73.96740839315652,40.77421543543356]},"properties":{"vehicle_id":"NV-465","status":"maintenance","recorded_at":"2026-09-01 16:58:00+00","location_basis":"synthetic H3-centre fleet seed"}},{"type":"Feature","geometry":{"type":"Point","coordinates":[-73.91552021190155,40.70422760065885]},"properties":{"vehicle_id":"NV-467","status":"maintenance","recorded_at":"2026-09-01 07:26:00+00","location_basis":"synthetic H3-centre fleet seed"}},{"type":"Feature","geometry":{"type":"Point","coordinates":[-74.01012468999326,40.71754156113931]},"properties":{"vehicle_id":"NV-470","status":"idle","recorded_at":"2026-09-01 19:55:00+00","location_basis":"synthetic H3-centre fleet seed"}},{"type":"Feature","geometry":{"type":"Point","coordinates":[-73.94683898038865,40.74039418002556]},"properties":{"vehicle_id":"NV-474","status":"maintenance","recorded_at":"2026-09-01 17:43:00+00","location_basis":"synthetic H3-centre fleet seed"}},{"type":"Feature","geometry":{"type":"Point","coordinates":[-73.93707996576418,40.70893977416665]},"properties":{"vehicle_id":"NV-476","status":"maintenance","recorded_at":"2026-09-01 18:09:00+00","location_basis":"synthetic H3-centre fleet seed"}},{"type":"Feature","geometry":{"type":"Point","coordinates":[-74.00079787164594,40.75215941875203]},"properties":{"vehicle_id":"NV-478","status":"charging","recorded_at":"2026-09-01 13:44:00+00","location_basis":"synthetic H3-centre fleet seed"}},{"type":"Feature","geometry":{"type":"Point","coordinates":[-73.984106944923,40.76318794132349]},"properties":{"vehicle_id":"NV-483","status":"on_trip","recorded_at":"2026-09-01 06:11:00+00","location_basis":"synthetic H3-centre fleet seed"}},{"type":"Feature","geometry":{"type":"Point","coordinates":[-73.99834713342568,40.744294512623796]},"properties":{"vehicle_id":"NV-487","status":"idle","recorded_at":"2026-09-01 14:46:00+00","location_basis":"synthetic H3-centre fleet seed"}},{"type":"Feature","geometry":{"type":"Point","coordinates":[-73.97575862231949,40.76870181720305]},"properties":{"vehicle_id":"NV-489","status":"on_trip","recorded_at":"2026-09-01 11:45:00+00","location_basis":"synthetic H3-centre fleet seed"}},{"type":"Feature","geometry":{"type":"Point","coordinates":[-73.97676396089014,40.73959124262263]},"properties":{"vehicle_id":"NV-492","status":"maintenance","recorded_at":"2026-09-01 17:56:00+00","location_basis":"synthetic H3-centre fleet seed"}},{"type":"Feature","geometry":{"type":"Point","coordinates":[-73.95030207190884,40.7191570254184]},"properties":{"vehicle_id":"NV-494","status":"maintenance","recorded_at":"2026-09-01 06:42:00+00","location_basis":"synthetic H3-centre fleet seed"}},{"type":"Feature","geometry":{"type":"Point","coordinates":[-74.01012468999326,40.71754156113931]},"properties":{"vehicle_id":"NV-497","status":"maintenance","recorded_at":"2026-09-01 10:34:00+00","location_basis":"synthetic H3-centre fleet seed"}},{"type":"Feature","geometry":{"type":"Point","coordinates":[-73.93605072192892,40.73803838561981]},"properties":{"vehicle_id":"NV-501","status":"on_trip","recorded_at":"2026-09-01 13:10:00+00","location_basis":"synthetic H3-centre fleet seed"}},{"type":"Feature","geometry":{"type":"Point","coordinates":[-73.9600721722415,40.7506145469853]},"properties":{"vehicle_id":"NV-504","status":"maintenance","recorded_at":"2026-09-01 08:52:00+00","location_basis":"synthetic H3-centre fleet seed"}},{"type":"Feature","geometry":{"type":"Point","coordinates":[-73.97575862231949,40.76870181720305]},"properties":{"vehicle_id":"NV-506","status":"maintenance","recorded_at":"2026-09-01 22:08:00+00","location_basis":"synthetic H3-centre fleet seed"}},{"type":"Feature","geometry":{"type":"Point","coordinates":[-73.944397994055,40.73252947064457]},"properties":{"vehicle_id":"NV-508","status":"on_trip","recorded_at":"2026-09-01 21:52:00+00","location_basis":"synthetic H3-centre fleet seed"}},{"type":"Feature","geometry":{"type":"Point","coordinates":[-73.99000374878119,40.74980820333916]},"properties":{"vehicle_id":"NV-509","status":"idle","recorded_at":"2026-09-01 20:18:00+00","location_basis":"synthetic H3-centre fleet seed"}},{"type":"Feature","geometry":{"type":"Point","coordinates":[-73.95274336311812,40.72702029834894]},"properties":{"vehicle_id":"NV-512","status":"charging","recorded_at":"2026-09-01 14:01:00+00","location_basis":"synthetic H3-centre fleet seed"}},{"type":"Feature","geometry":{"type":"Point","coordinates":[-73.96454212959712,40.70027817016744]},"properties":{"vehicle_id":"NV-515","status":"charging","recorded_at":"2026-09-01 16:44:00+00","location_basis":"synthetic H3-centre fleet seed"}},{"type":"Feature","geometry":{"type":"Point","coordinates":[-73.97575862231949,40.76870181720305]},"properties":{"vehicle_id":"NV-518","status":"idle","recorded_at":"2026-09-01 22:18:00+00","location_basis":"synthetic H3-centre fleet seed"}},{"type":"Feature","geometry":{"type":"Point","coordinates":[-73.95030207190884,40.7191570254184]},"properties":{"vehicle_id":"NV-524","status":"maintenance","recorded_at":"2026-09-01 10:30:00+00","location_basis":"synthetic H3-centre fleet seed"}},{"type":"Feature","geometry":{"type":"Point","coordinates":[-74.00423757543584,40.73091709639526]},"properties":{"vehicle_id":"NV-528","status":"idle","recorded_at":"2026-09-01 16:29:00+00","location_basis":"synthetic H3-centre fleet seed"}},{"type":"Feature","geometry":{"type":"Point","coordinates":[-73.9478616026046,40.71129449118791]},"properties":{"vehicle_id":"NV-530","status":"charging","recorded_at":"2026-09-01 19:05:00+00","location_basis":"synthetic H3-centre fleet seed"}},{"type":"Feature","geometry":{"type":"Point","coordinates":[-73.95416687579231,40.76399273653342]},"properties":{"vehicle_id":"NV-531","status":"charging","recorded_at":"2026-09-01 11:21:00+00","location_basis":"synthetic H3-centre fleet seed"}},{"type":"Feature","geometry":{"type":"Point","coordinates":[-73.9120425913492,40.72545946711864]},"properties":{"vehicle_id":"NV-533","status":"maintenance","recorded_at":"2026-09-01 22:31:00+00","location_basis":"synthetic H3-centre fleet seed"}},{"type":"Feature","geometry":{"type":"Point","coordinates":[-74.00079787164594,40.75215941875203]},"properties":{"vehicle_id":"NV-534","status":"maintenance","recorded_at":"2026-09-01 14:37:00+00","location_basis":"synthetic H3-centre fleet seed"}},{"type":"Feature","geometry":{"type":"Point","coordinates":[-73.91795483815808,40.71209001079872]},"properties":{"vehicle_id":"NV-536","status":"on_trip","recorded_at":"2026-09-01 21:37:00+00","location_basis":"synthetic H3-centre fleet seed"}},{"type":"Feature","geometry":{"type":"Point","coordinates":[-73.95620281665516,40.70578645857306]},"properties":{"vehicle_id":"NV-537","status":"maintenance","recorded_at":"2026-09-01 20:00:00+00","location_basis":"synthetic H3-centre fleet seed"}},{"type":"Feature","geometry":{"type":"Point","coordinates":[-73.94683898038865,40.74039418002556]},"properties":{"vehicle_id":"NV-538","status":"idle","recorded_at":"2026-09-01 08:40:00+00","location_basis":"synthetic H3-centre fleet seed"}},{"type":"Feature","geometry":{"type":"Point","coordinates":[-74.00914047636303,40.746644773127144]},"properties":{"vehicle_id":"NV-539","status":"charging","recorded_at":"2026-09-01 18:30:00+00","location_basis":"synthetic H3-centre fleet seed"}},{"type":"Feature","geometry":{"type":"Point","coordinates":[-73.9669848502124,40.70813930768699]},"properties":{"vehicle_id":"NV-541","status":"maintenance","recorded_at":"2026-09-01 07:41:00+00","location_basis":"synthetic H3-centre fleet seed"}},{"type":"Feature","geometry":{"type":"Point","coordinates":[-73.97086472899026,40.752968550468005]},"properties":{"vehicle_id":"NV-542","status":"idle","recorded_at":"2026-09-01 13:36:00+00","location_basis":"synthetic H3-centre fleet seed"}},{"type":"Feature","geometry":{"type":"Point","coordinates":[-73.9478616026046,40.71129449118791]},"properties":{"vehicle_id":"NV-544","status":"on_trip","recorded_at":"2026-09-01 15:37:00+00","location_basis":"synthetic H3-centre fleet seed"}},{"type":"Feature","geometry":{"type":"Point","coordinates":[-73.92282655083757,40.72781704896388]},"properties":{"vehicle_id":"NV-549","status":"on_trip","recorded_at":"2026-09-01 21:25:00+00","location_basis":"synthetic H3-centre fleet seed"}},{"type":"Feature","geometry":{"type":"Point","coordinates":[-73.96454212959712,40.70027817016744]},"properties":{"vehicle_id":"NV-551","status":"idle","recorded_at":"2026-09-01 11:10:00+00","location_basis":"synthetic H3-centre fleet seed"}},{"type":"Feature","geometry":{"type":"Point","coordinates":[-73.97431794817466,40.731727151631226]},"properties":{"vehicle_id":"NV-553","status":"idle","recorded_at":"2026-09-01 14:56:00+00","location_basis":"synthetic H3-centre fleet seed"}},{"type":"Feature","geometry":{"type":"Point","coordinates":[-73.93502020244684,40.76714757105887]},"properties":{"vehicle_id":"NV-554","status":"idle","recorded_at":"2026-09-01 21:52:00+00","location_basis":"synthetic H3-centre fleet seed"}},{"type":"Feature","geometry":{"type":"Point","coordinates":[-73.95416687579231,40.76399273653342]},"properties":{"vehicle_id":"NV-557","status":"on_trip","recorded_at":"2026-09-01 15:34:00+00","location_basis":"synthetic H3-centre fleet seed"}},{"type":"Feature","geometry":{"type":"Point","coordinates":[-73.99099986933716,40.720704219149056]},"properties":{"vehicle_id":"NV-565","status":"charging","recorded_at":"2026-09-01 08:15:00+00","location_basis":"synthetic H3-centre fleet seed"}},{"type":"Feature","geometry":{"type":"Point","coordinates":[-73.94928078918478,40.74825962762468]},"properties":{"vehicle_id":"NV-572","status":"idle","recorded_at":"2026-09-01 19:03:00+00","location_basis":"synthetic H3-centre fleet seed"}},{"type":"Feature","geometry":{"type":"Point","coordinates":[-73.98655625625548,40.771054982011556]},"properties":{"vehicle_id":"NV-581","status":"idle","recorded_at":"2026-09-01 11:47:00+00","location_basis":"synthetic H3-centre fleet seed"}},{"type":"Feature","geometry":{"type":"Point","coordinates":[-73.92770154644333,40.74354704274161]},"properties":{"vehicle_id":"NV-582","status":"idle","recorded_at":"2026-09-01 17:09:00+00","location_basis":"synthetic H3-centre fleet seed"}},{"type":"Feature","geometry":{"type":"Point","coordinates":[-74.00324943564166,40.760025061971376]},"properties":{"vehicle_id":"NV-584","status":"charging","recorded_at":"2026-09-01 18:00:00+00","location_basis":"synthetic H3-centre fleet seed"}},{"type":"Feature","geometry":{"type":"Point","coordinates":[-74.00324943564166,40.760025061971376]},"properties":{"vehicle_id":"NV-587","status":"on_trip","recorded_at":"2026-09-01 10:53:00+00","location_basis":"synthetic H3-centre fleet seed"}},{"type":"Feature","geometry":{"type":"Point","coordinates":[-73.92178806798546,40.75692224341925]},"properties":{"vehicle_id":"NV-589","status":"idle","recorded_at":"2026-09-01 22:11:00+00","location_basis":"synthetic H3-centre fleet seed"}},{"type":"Feature","geometry":{"type":"Point","coordinates":[-73.91935046730184,40.749055441476806]},"properties":{"vehicle_id":"NV-594","status":"charging","recorded_at":"2026-09-01 09:50:00+00","location_basis":"synthetic H3-centre fleet seed"}},{"type":"Feature","geometry":{"type":"Point","coordinates":[-73.93361168526361,40.73017371692854]},"properties":{"vehicle_id":"NV-595","status":"charging","recorded_at":"2026-09-01 22:59:00+00","location_basis":"synthetic H3-centre fleet seed"}},{"type":"Feature","geometry":{"type":"Point","coordinates":[-73.92178806798546,40.75692224341925]},"properties":{"vehicle_id":"NV-600","status":"idle","recorded_at":"2026-09-01 20:42:00+00","location_basis":"synthetic H3-centre fleet seed"}},{"type":"Feature","geometry":{"type":"Point","coordinates":[-73.9384905803942,40.74590379275409]},"properties":{"vehicle_id":"NV-602","status":"on_trip","recorded_at":"2026-09-01 08:42:00+00","location_basis":"synthetic H3-centre fleet seed"}},{"type":"Feature","geometry":{"type":"Point","coordinates":[-73.95620281665516,40.70578645857306]},"properties":{"vehicle_id":"NV-603","status":"idle","recorded_at":"2026-09-01 06:35:00+00","location_basis":"synthetic H3-centre fleet seed"}},{"type":"Feature","geometry":{"type":"Point","coordinates":[-73.9949037992709,40.765540150398465]},"properties":{"vehicle_id":"NV-604","status":"idle","recorded_at":"2026-09-01 17:28:00+00","location_basis":"synthetic H3-centre fleet seed"}},{"type":"Feature","geometry":{"type":"Point","coordinates":[-73.94928078918478,40.74825962762468]},"properties":{"vehicle_id":"NV-605","status":"idle","recorded_at":"2026-09-01 21:58:00+00","location_basis":"synthetic H3-centre fleet seed"}},{"type":"Feature","geometry":{"type":"Point","coordinates":[-73.95518547663882,40.73488430974409]},"properties":{"vehicle_id":"NV-606","status":"on_trip","recorded_at":"2026-09-01 19:23:00+00","location_basis":"synthetic H3-centre fleet seed"}},{"type":"Feature","geometry":{"type":"Point","coordinates":[-73.94542195479927,40.7034326958928]},"properties":{"vehicle_id":"NV-609","status":"on_trip","recorded_at":"2026-09-01 07:34:00+00","location_basis":"synthetic H3-centre fleet seed"}},{"type":"Feature","geometry":{"type":"Point","coordinates":[-74.00914047636303,40.746644773127144]},"properties":{"vehicle_id":"NV-612","status":"charging","recorded_at":"2026-09-01 18:32:00+00","location_basis":"synthetic H3-centre fleet seed"}},{"type":"Feature","geometry":{"type":"Point","coordinates":[-73.96740839315652,40.77421543543356]},"properties":{"vehicle_id":"NV-613","status":"on_trip","recorded_at":"2026-09-01 06:20:00+00","location_basis":"synthetic H3-centre fleet seed"}},{"type":"Feature","geometry":{"type":"Point","coordinates":[-73.98610581467901,40.70498104661735]},"properties":{"vehicle_id":"NV-618","status":"idle","recorded_at":"2026-09-01 16:50:00+00","location_basis":"synthetic H3-centre fleet seed"}},{"type":"Feature","geometry":{"type":"Point","coordinates":[-73.98165845885661,40.75532163770499]},"properties":{"vehicle_id":"NV-622","status":"on_trip","recorded_at":"2026-09-01 14:03:00+00","location_basis":"synthetic H3-centre fleet seed"}},{"type":"Feature","geometry":{"type":"Point","coordinates":[-74.00668861308873,40.73878056609214]},"properties":{"vehicle_id":"NV-623","status":"maintenance","recorded_at":"2026-09-01 15:13:00+00","location_basis":"synthetic H3-centre fleet seed"}},{"type":"Feature","geometry":{"type":"Point","coordinates":[-73.91795483815808,40.71209001079872]},"properties":{"vehicle_id":"NV-625","status":"on_trip","recorded_at":"2026-09-01 18:20:00+00","location_basis":"synthetic H3-centre fleet seed"}},{"type":"Feature","geometry":{"type":"Point","coordinates":[-73.97676396089014,40.73959124262263]},"properties":{"vehicle_id":"NV-626","status":"maintenance","recorded_at":"2026-09-01 15:40:00+00","location_basis":"synthetic H3-centre fleet seed"}},{"type":"Feature","geometry":{"type":"Point","coordinates":[-73.98265986037386,40.72621581321689]},"properties":{"vehicle_id":"NV-627","status":"maintenance","recorded_at":"2026-09-01 21:37:00+00","location_basis":"synthetic H3-centre fleet seed"}},{"type":"Feature","geometry":{"type":"Point","coordinates":[-73.96740839315652,40.77421543543356]},"properties":{"vehicle_id":"NV-632","status":"charging","recorded_at":"2026-09-01 07:04:00+00","location_basis":"synthetic H3-centre fleet seed"}},{"type":"Feature","geometry":{"type":"Point","coordinates":[-73.99000374878119,40.74980820333916]},"properties":{"vehicle_id":"NV-634","status":"on_trip","recorded_at":"2026-09-01 20:44:00+00","location_basis":"synthetic H3-centre fleet seed"}},{"type":"Feature","geometry":{"type":"Point","coordinates":[-73.9958972205727,40.736430343823116]},"properties":{"vehicle_id":"NV-636","status":"idle","recorded_at":"2026-09-01 11:52:00+00","location_basis":"synthetic H3-centre fleet seed"}},{"type":"Feature","geometry":{"type":"Point","coordinates":[-73.9669848502124,40.70813930768699]},"properties":{"vehicle_id":"NV-641","status":"maintenance","recorded_at":"2026-09-01 21:15:00+00","location_basis":"synthetic H3-centre fleet seed"}},{"type":"Feature","geometry":{"type":"Point","coordinates":[-73.9851069987431,40.734079205547104]},"properties":{"vehicle_id":"NV-643","status":"idle","recorded_at":"2026-09-01 17:18:00+00","location_basis":"synthetic H3-centre fleet seed"}},{"type":"Feature","geometry":{"type":"Point","coordinates":[-74.00178736299634,40.72305436427269]},"properties":{"vehicle_id":"NV-646","status":"charging","recorded_at":"2026-09-01 07:25:00+00","location_basis":"synthetic H3-centre fleet seed"}},{"type":"Feature","geometry":{"type":"Point","coordinates":[-73.95864441195499,40.713648294564074]},"properties":{"vehicle_id":"NV-647","status":"on_trip","recorded_at":"2026-09-01 19:56:00+00","location_basis":"synthetic H3-centre fleet seed"}},{"type":"Feature","geometry":{"type":"Point","coordinates":[-74.01600847979245,40.704167908350385]},"properties":{"vehicle_id":"NV-650","status":"idle","recorded_at":"2026-09-01 17:25:00+00","location_basis":"synthetic H3-centre fleet seed"}},{"type":"Feature","geometry":{"type":"Point","coordinates":[-73.95762841287764,40.74274905936816]},"properties":{"vehicle_id":"NV-651","status":"on_trip","recorded_at":"2026-09-01 21:58:00+00","location_basis":"synthetic H3-centre fleet seed"}},{"type":"Feature","geometry":{"type":"Point","coordinates":[-73.94928078918478,40.74825962762468]},"properties":{"vehicle_id":"NV-653","status":"idle","recorded_at":"2026-09-01 11:33:00+00","location_basis":"synthetic H3-centre fleet seed"}},{"type":"Feature","geometry":{"type":"Point","coordinates":[-73.9958972205727,40.736430343823116]},"properties":{"vehicle_id":"NV-656","status":"maintenance","recorded_at":"2026-09-01 20:17:00+00","location_basis":"synthetic H3-centre fleet seed"}},{"type":"Feature","geometry":{"type":"Point","coordinates":[-73.9802135458946,40.718353158911775]},"properties":{"vehicle_id":"NV-658","status":"charging","recorded_at":"2026-09-01 15:21:00+00","location_basis":"synthetic H3-centre fleet seed"}},{"type":"Feature","geometry":{"type":"Point","coordinates":[-73.93014027635867,40.75141314739644]},"properties":{"vehicle_id":"NV-660","status":"charging","recorded_at":"2026-09-01 10:26:00+00","location_basis":"synthetic H3-centre fleet seed"}},{"type":"Feature","geometry":{"type":"Point","coordinates":[-74.00178736299634,40.72305436427269]},"properties":{"vehicle_id":"NV-667","status":"charging","recorded_at":"2026-09-01 15:28:00+00","location_basis":"synthetic H3-centre fleet seed"}},{"type":"Feature","geometry":{"type":"Point","coordinates":[-73.9242264903627,40.764789783546895]},"properties":{"vehicle_id":"NV-669","status":"maintenance","recorded_at":"2026-09-01 09:14:00+00","location_basis":"synthetic H3-centre fleet seed"}},{"type":"Feature","geometry":{"type":"Point","coordinates":[-73.96251675513757,40.75848077235944]},"properties":{"vehicle_id":"NV-673","status":"maintenance","recorded_at":"2026-09-01 22:42:00+00","location_basis":"synthetic H3-centre fleet seed"}},{"type":"Feature","geometry":{"type":"Point","coordinates":[-73.91587124718465,40.77029931745996]},"properties":{"vehicle_id":"NV-674","status":"idle","recorded_at":"2026-09-01 22:38:00+00","location_basis":"synthetic H3-centre fleet seed"}},{"type":"Feature","geometry":{"type":"Point","coordinates":[-73.97676396089014,40.73959124262263]},"properties":{"vehicle_id":"NV-681","status":"on_trip","recorded_at":"2026-09-01 20:43:00+00","location_basis":"synthetic H3-centre fleet seed"}},{"type":"Feature","geometry":{"type":"Point","coordinates":[-73.9242264903627,40.764789783546895]},"properties":{"vehicle_id":"NV-682","status":"maintenance","recorded_at":"2026-09-01 20:47:00+00","location_basis":"synthetic H3-centre fleet seed"}},{"type":"Feature","geometry":{"type":"Point","coordinates":[-73.98265986037386,40.72621581321689]},"properties":{"vehicle_id":"NV-688","status":"charging","recorded_at":"2026-09-01 15:19:00+00","location_basis":"synthetic H3-centre fleet seed"}},{"type":"Feature","geometry":{"type":"Point","coordinates":[-73.91552021190155,40.70422760065885]},"properties":{"vehicle_id":"NV-690","status":"on_trip","recorded_at":"2026-09-01 15:00:00+00","location_basis":"synthetic H3-centre fleet seed"}},{"type":"Feature","geometry":{"type":"Point","coordinates":[-73.99933797536255,40.7151923699604]},"properties":{"vehicle_id":"NV-693","status":"charging","recorded_at":"2026-09-01 18:07:00+00","location_basis":"synthetic H3-centre fleet seed"}},{"type":"Feature","geometry":{"type":"Point","coordinates":[-73.95518547663882,40.73488430974409]},"properties":{"vehicle_id":"NV-694","status":"charging","recorded_at":"2026-09-01 17:25:00+00","location_basis":"synthetic H3-centre fleet seed"}},{"type":"Feature","geometry":{"type":"Point","coordinates":[-73.96496216197336,40.766347735254335]},"properties":{"vehicle_id":"NV-696","status":"on_trip","recorded_at":"2026-09-01 21:02:00+00","location_basis":"synthetic H3-centre fleet seed"}},{"type":"Feature","geometry":{"type":"Point","coordinates":[-73.91795483815808,40.71209001079872]},"properties":{"vehicle_id":"NV-699","status":"idle","recorded_at":"2026-09-01 13:22:00+00","location_basis":"synthetic H3-centre fleet seed"}},{"type":"Feature","geometry":{"type":"Point","coordinates":[-73.97921079764828,40.7474560713926]},"properties":{"vehicle_id":"NV-700","status":"idle","recorded_at":"2026-09-01 20:15:00+00","location_basis":"synthetic H3-centre fleet seed"}},{"type":"Feature","geometry":{"type":"Point","coordinates":[-73.92873607570803,40.71444659581721]},"properties":{"vehicle_id":"NV-706","status":"charging","recorded_at":"2026-09-01 21:39:00+00","location_basis":"synthetic H3-centre fleet seed"}},{"type":"Feature","geometry":{"type":"Point","coordinates":[-73.99834713342568,40.744294512623796]},"properties":{"vehicle_id":"NV-708","status":"on_trip","recorded_at":"2026-09-01 17:17:00+00","location_basis":"synthetic H3-centre fleet seed"}},{"type":"Feature","geometry":{"type":"Point","coordinates":[-73.97431794817466,40.731727151631226]},"properties":{"vehicle_id":"NV-709","status":"idle","recorded_at":"2026-09-01 10:33:00+00","location_basis":"synthetic H3-centre fleet seed"}},{"type":"Feature","geometry":{"type":"Point","coordinates":[-73.9242264903627,40.764789783546895]},"properties":{"vehicle_id":"NV-711","status":"maintenance","recorded_at":"2026-09-01 22:28:00+00","location_basis":"synthetic H3-centre fleet seed"}},{"type":"Feature","geometry":{"type":"Point","coordinates":[-73.99099986933716,40.720704219149056]},"properties":{"vehicle_id":"NV-714","status":"idle","recorded_at":"2026-09-01 14:53:00+00","location_basis":"synthetic H3-centre fleet seed"}},{"type":"Feature","geometry":{"type":"Point","coordinates":[-73.97086472899026,40.752968550468005]},"properties":{"vehicle_id":"NV-716","status":"charging","recorded_at":"2026-09-01 19:22:00+00","location_basis":"synthetic H3-centre fleet seed"}},{"type":"Feature","geometry":{"type":"Point","coordinates":[-73.91691368790532,40.74118937795546]},"properties":{"vehicle_id":"NV-718","status":"maintenance","recorded_at":"2026-09-01 22:37:00+00","location_basis":"synthetic H3-centre fleet seed"}},{"type":"Feature","geometry":{"type":"Point","coordinates":[-73.92178806798546,40.75692224341925]},"properties":{"vehicle_id":"NV-719","status":"maintenance","recorded_at":"2026-09-01 15:36:00+00","location_basis":"synthetic H3-centre fleet seed"}},{"type":"Feature","geometry":{"type":"Point","coordinates":[-73.94337276435117,40.761636821408395]},"properties":{"vehicle_id":"NV-720","status":"charging","recorded_at":"2026-09-01 22:38:00+00","location_basis":"synthetic H3-centre fleet seed"}},{"type":"Feature","geometry":{"type":"Point","coordinates":[-73.99344813267909,40.72856691258618]},"properties":{"vehicle_id":"NV-723","status":"charging","recorded_at":"2026-09-01 14:21:00+00","location_basis":"synthetic H3-centre fleet seed"}},{"type":"Feature","geometry":{"type":"Point","coordinates":[-73.97431794817466,40.731727151631226]},"properties":{"vehicle_id":"NV-726","status":"maintenance","recorded_at":"2026-09-01 10:06:00+00","location_basis":"synthetic H3-centre fleet seed"}},{"type":"Feature","geometry":{"type":"Point","coordinates":[-73.93014027635867,40.75141314739644]},"properties":{"vehicle_id":"NV-735","status":"charging","recorded_at":"2026-09-01 18:50:00+00","location_basis":"synthetic H3-centre fleet seed"}},{"type":"Feature","geometry":{"type":"Point","coordinates":[-74.00668861308873,40.73878056609214]},"properties":{"vehicle_id":"NV-736","status":"on_trip","recorded_at":"2026-09-01 22:49:00+00","location_basis":"synthetic H3-centre fleet seed"}},{"type":"Feature","geometry":{"type":"Point","coordinates":[-73.9669848502124,40.70813930768699]},"properties":{"vehicle_id":"NV-738","status":"charging","recorded_at":"2026-09-01 09:13:00+00","location_basis":"synthetic H3-centre fleet seed"}},{"type":"Feature","geometry":{"type":"Point","coordinates":[-73.9478616026046,40.71129449118791]},"properties":{"vehicle_id":"NV-739","status":"idle","recorded_at":"2026-09-01 07:28:00+00","location_basis":"synthetic H3-centre fleet seed"}},{"type":"Feature","geometry":{"type":"Point","coordinates":[-73.9669848502124,40.70813930768699]},"properties":{"vehicle_id":"NV-740","status":"idle","recorded_at":"2026-09-01 11:24:00+00","location_basis":"synthetic H3-centre fleet seed"}},{"type":"Feature","geometry":{"type":"Point","coordinates":[-73.944397994055,40.73252947064457]},"properties":{"vehicle_id":"NV-743","status":"on_trip","recorded_at":"2026-09-01 18:48:00+00","location_basis":"synthetic H3-centre fleet seed"}},{"type":"Feature","geometry":{"type":"Point","coordinates":[-73.92178806798546,40.75692224341925]},"properties":{"vehicle_id":"NV-744","status":"maintenance","recorded_at":"2026-09-01 15:14:00+00","location_basis":"synthetic H3-centre fleet seed"}},{"type":"Feature","geometry":{"type":"Point","coordinates":[-73.91795483815808,40.71209001079872]},"properties":{"vehicle_id":"NV-747","status":"maintenance","recorded_at":"2026-09-01 11:51:00+00","location_basis":"synthetic H3-centre fleet seed"}},{"type":"Feature","geometry":{"type":"Point","coordinates":[-73.97676396089014,40.73959124262263]},"properties":{"vehicle_id":"NV-757","status":"maintenance","recorded_at":"2026-09-01 19:05:00+00","location_basis":"synthetic H3-centre fleet seed"}},{"type":"Feature","geometry":{"type":"Point","coordinates":[-73.91935046730184,40.749055441476806]},"properties":{"vehicle_id":"NV-763","status":"charging","recorded_at":"2026-09-01 13:04:00+00","location_basis":"synthetic H3-centre fleet seed"}},{"type":"Feature","geometry":{"type":"Point","coordinates":[-73.9600721722415,40.7506145469853]},"properties":{"vehicle_id":"NV-769","status":"on_trip","recorded_at":"2026-09-01 20:55:00+00","location_basis":"synthetic H3-centre fleet seed"}},{"type":"Feature","geometry":{"type":"Point","coordinates":[-73.98165845885661,40.75532163770499]},"properties":{"vehicle_id":"NV-773","status":"on_trip","recorded_at":"2026-09-01 21:37:00+00","location_basis":"synthetic H3-centre fleet seed"}},{"type":"Feature","geometry":{"type":"Point","coordinates":[-73.94093126106601,40.75376993809561]},"properties":{"vehicle_id":"NV-776","status":"idle","recorded_at":"2026-09-01 13:32:00+00","location_basis":"synthetic H3-centre fleet seed"}},{"type":"Feature","geometry":{"type":"Point","coordinates":[-73.95416687579231,40.76399273653342]},"properties":{"vehicle_id":"NV-777","status":"maintenance","recorded_at":"2026-09-01 09:02:00+00","location_basis":"synthetic H3-centre fleet seed"}},{"type":"Feature","geometry":{"type":"Point","coordinates":[-73.99000374878119,40.74980820333916]},"properties":{"vehicle_id":"NV-781","status":"maintenance","recorded_at":"2026-09-01 14:18:00+00","location_basis":"synthetic H3-centre fleet seed"}},{"type":"Feature","geometry":{"type":"Point","coordinates":[-73.92770154644333,40.74354704274161]},"properties":{"vehicle_id":"NV-782","status":"on_trip","recorded_at":"2026-09-01 06:03:00+00","location_basis":"synthetic H3-centre fleet seed"}},{"type":"Feature","geometry":{"type":"Point","coordinates":[-73.95620281665516,40.70578645857306]},"properties":{"vehicle_id":"NV-785","status":"charging","recorded_at":"2026-09-01 12:36:00+00","location_basis":"synthetic H3-centre fleet seed"}},{"type":"Feature","geometry":{"type":"Point","coordinates":[-73.9851069987431,40.734079205547104]},"properties":{"vehicle_id":"NV-789","status":"maintenance","recorded_at":"2026-09-01 13:57:00+00","location_basis":"synthetic H3-centre fleet seed"}},{"type":"Feature","geometry":{"type":"Point","coordinates":[-73.92526363807171,40.73568167651888]},"properties":{"vehicle_id":"NV-803","status":"idle","recorded_at":"2026-09-01 17:31:00+00","location_basis":"synthetic H3-centre fleet seed"}},{"type":"Feature","geometry":{"type":"Point","coordinates":[-73.93502020244684,40.76714757105887]},"properties":{"vehicle_id":"NV-810","status":"idle","recorded_at":"2026-09-01 18:23:00+00","location_basis":"synthetic H3-centre fleet seed"}},{"type":"Feature","geometry":{"type":"Point","coordinates":[-73.95864441195499,40.713648294564074]},"properties":{"vehicle_id":"NV-811","status":"maintenance","recorded_at":"2026-09-01 16:21:00+00","location_basis":"synthetic H3-centre fleet seed"}},{"type":"Feature","geometry":{"type":"Point","coordinates":[-73.93951848714897,40.71680226747968]},"properties":{"vehicle_id":"NV-812","status":"idle","recorded_at":"2026-09-01 13:04:00+00","location_basis":"synthetic H3-centre fleet seed"}},{"type":"Feature","geometry":{"type":"Point","coordinates":[-73.98655625625548,40.771054982011556]},"properties":{"vehicle_id":"NV-815","status":"charging","recorded_at":"2026-09-01 13:31:00+00","location_basis":"synthetic H3-centre fleet seed"}},{"type":"Feature","geometry":{"type":"Point","coordinates":[-73.91935046730184,40.749055441476806]},"properties":{"vehicle_id":"NV-816","status":"on_trip","recorded_at":"2026-09-01 13:09:00+00","location_basis":"synthetic H3-centre fleet seed"}},{"type":"Feature","geometry":{"type":"Point","coordinates":[-73.9851069987431,40.734079205547104]},"properties":{"vehicle_id":"NV-821","status":"charging","recorded_at":"2026-09-01 16:59:00+00","location_basis":"synthetic H3-centre fleet seed"}},{"type":"Feature","geometry":{"type":"Point","coordinates":[-73.93257982822426,40.75927999024754]},"properties":{"vehicle_id":"NV-822","status":"maintenance","recorded_at":"2026-09-01 06:53:00+00","location_basis":"synthetic H3-centre fleet seed"}},{"type":"Feature","geometry":{"type":"Point","coordinates":[-74.00423757543584,40.73091709639526]},"properties":{"vehicle_id":"NV-826","status":"idle","recorded_at":"2026-09-01 06:03:00+00","location_basis":"synthetic H3-centre fleet seed"}},{"type":"Feature","geometry":{"type":"Point","coordinates":[-73.93951848714897,40.71680226747968]},"properties":{"vehicle_id":"NV-828","status":"charging","recorded_at":"2026-09-01 22:45:00+00","location_basis":"synthetic H3-centre fleet seed"}},{"type":"Feature","geometry":{"type":"Point","coordinates":[-73.91552021190155,40.70422760065885]},"properties":{"vehicle_id":"NV-829","status":"on_trip","recorded_at":"2026-09-01 11:29:00+00","location_basis":"synthetic H3-centre fleet seed"}},{"type":"Feature","geometry":{"type":"Point","coordinates":[-73.944397994055,40.73252947064457]},"properties":{"vehicle_id":"NV-831","status":"charging","recorded_at":"2026-09-01 22:36:00+00","location_basis":"synthetic H3-centre fleet seed"}},{"type":"Feature","geometry":{"type":"Point","coordinates":[-73.97676396089014,40.73959124262263]},"properties":{"vehicle_id":"NV-832","status":"maintenance","recorded_at":"2026-09-01 08:02:00+00","location_basis":"synthetic H3-centre fleet seed"}},{"type":"Feature","geometry":{"type":"Point","coordinates":[-73.92873607570803,40.71444659581721]},"properties":{"vehicle_id":"NV-835","status":"maintenance","recorded_at":"2026-09-01 11:19:00+00","location_basis":"synthetic H3-centre fleet seed"}},{"type":"Feature","geometry":{"type":"Point","coordinates":[-74.00324943564166,40.760025061971376]},"properties":{"vehicle_id":"NV-837","status":"maintenance","recorded_at":"2026-09-01 17:58:00+00","location_basis":"synthetic H3-centre fleet seed"}},{"type":"Feature","geometry":{"type":"Point","coordinates":[-73.96454212959712,40.70027817016744]},"properties":{"vehicle_id":"NV-839","status":"on_trip","recorded_at":"2026-09-01 15:26:00+00","location_basis":"synthetic H3-centre fleet seed"}},{"type":"Feature","geometry":{"type":"Point","coordinates":[-73.93605072192892,40.73803838561981]},"properties":{"vehicle_id":"NV-845","status":"maintenance","recorded_at":"2026-09-01 18:46:00+00","location_basis":"synthetic H3-centre fleet seed"}},{"type":"Feature","geometry":{"type":"Point","coordinates":[-73.91447772938976,40.73332405309091]},"properties":{"vehicle_id":"NV-848","status":"maintenance","recorded_at":"2026-09-01 11:40:00+00","location_basis":"synthetic H3-centre fleet seed"}},{"type":"Feature","geometry":{"type":"Point","coordinates":[-73.96740839315652,40.77421543543356]},"properties":{"vehicle_id":"NV-850","status":"on_trip","recorded_at":"2026-09-01 08:34:00+00","location_basis":"synthetic H3-centre fleet seed"}},{"type":"Feature","geometry":{"type":"Point","coordinates":[-73.96108682941502,40.721510869265764]},"properties":{"vehicle_id":"NV-852","status":"idle","recorded_at":"2026-09-01 09:57:00+00","location_basis":"synthetic H3-centre fleet seed"}},{"type":"Feature","geometry":{"type":"Point","coordinates":[-73.95661115441824,40.77186039737063]},"properties":{"vehicle_id":"NV-853","status":"charging","recorded_at":"2026-09-01 22:03:00+00","location_basis":"synthetic H3-centre fleet seed"}},{"type":"Feature","geometry":{"type":"Point","coordinates":[-73.9802135458946,40.718353158911775]},"properties":{"vehicle_id":"NV-856","status":"on_trip","recorded_at":"2026-09-01 21:25:00+00","location_basis":"synthetic H3-centre fleet seed"}},{"type":"Feature","geometry":{"type":"Point","coordinates":[-74.00668861308873,40.73878056609214]},"properties":{"vehicle_id":"NV-858","status":"idle","recorded_at":"2026-09-01 21:07:00+00","location_basis":"synthetic H3-centre fleet seed"}},{"type":"Feature","geometry":{"type":"Point","coordinates":[-73.92629950200593,40.70658414386775]},"properties":{"vehicle_id":"NV-859","status":"on_trip","recorded_at":"2026-09-01 13:11:00+00","location_basis":"synthetic H3-centre fleet seed"}},{"type":"Feature","geometry":{"type":"Point","coordinates":[-73.91587124718465,40.77029931745996]},"properties":{"vehicle_id":"NV-860","status":"maintenance","recorded_at":"2026-09-01 09:55:00+00","location_basis":"synthetic H3-centre fleet seed"}},{"type":"Feature","geometry":{"type":"Point","coordinates":[-73.96454212959712,40.70027817016744]},"properties":{"vehicle_id":"NV-863","status":"maintenance","recorded_at":"2026-09-01 17:39:00+00","location_basis":"synthetic H3-centre fleet seed"}},{"type":"Feature","geometry":{"type":"Point","coordinates":[-73.984106944923,40.76318794132349]},"properties":{"vehicle_id":"NV-864","status":"on_trip","recorded_at":"2026-09-01 15:15:00+00","location_basis":"synthetic H3-centre fleet seed"}},{"type":"Feature","geometry":{"type":"Point","coordinates":[-73.9851069987431,40.734079205547104]},"properties":{"vehicle_id":"NV-867","status":"maintenance","recorded_at":"2026-09-01 22:14:00+00","location_basis":"synthetic H3-centre fleet seed"}},{"type":"Feature","geometry":{"type":"Point","coordinates":[-73.91099748420822,40.754563581292075]},"properties":{"vehicle_id":"NV-869","status":"on_trip","recorded_at":"2026-09-01 19:01:00+00","location_basis":"synthetic H3-centre fleet seed"}},{"type":"Feature","geometry":{"type":"Point","coordinates":[-73.91447772938976,40.73332405309091]},"properties":{"vehicle_id":"NV-873","status":"on_trip","recorded_at":"2026-09-01 22:53:00+00","location_basis":"synthetic H3-centre fleet seed"}},{"type":"Feature","geometry":{"type":"Point","coordinates":[-73.92526363807171,40.73568167651888]},"properties":{"vehicle_id":"NV-879","status":"idle","recorded_at":"2026-09-01 07:43:00+00","location_basis":"synthetic H3-centre fleet seed"}},{"type":"Feature","geometry":{"type":"Point","coordinates":[-73.93257982822426,40.75927999024754]},"properties":{"vehicle_id":"NV-892","status":"on_trip","recorded_at":"2026-09-01 06:15:00+00","location_basis":"synthetic H3-centre fleet seed"}},{"type":"Feature","geometry":{"type":"Point","coordinates":[-73.99834713342568,40.744294512623796]},"properties":{"vehicle_id":"NV-895","status":"charging","recorded_at":"2026-09-01 19:14:00+00","location_basis":"synthetic H3-centre fleet seed"}},{"type":"Feature","geometry":{"type":"Point","coordinates":[-73.9600721722415,40.7506145469853]},"properties":{"vehicle_id":"NV-897","status":"on_trip","recorded_at":"2026-09-01 11:55:00+00","location_basis":"synthetic H3-centre fleet seed"}},{"type":"Feature","geometry":{"type":"Point","coordinates":[-73.97331126335344,40.7608348151879]},"properties":{"vehicle_id":"NV-902","status":"on_trip","recorded_at":"2026-09-01 06:50:00+00","location_basis":"synthetic H3-centre fleet seed"}},{"type":"Feature","geometry":{"type":"Point","coordinates":[-73.9851069987431,40.734079205547104]},"properties":{"vehicle_id":"NV-905","status":"maintenance","recorded_at":"2026-09-01 10:48:00+00","location_basis":"synthetic H3-centre fleet seed"}},{"type":"Feature","geometry":{"type":"Point","coordinates":[-73.96454212959712,40.70027817016744]},"properties":{"vehicle_id":"NV-907","status":"on_trip","recorded_at":"2026-09-01 18:53:00+00","location_basis":"synthetic H3-centre fleet seed"}},{"type":"Feature","geometry":{"type":"Point","coordinates":[-73.95030207190884,40.7191570254184]},"properties":{"vehicle_id":"NV-908","status":"charging","recorded_at":"2026-09-01 16:21:00+00","location_basis":"synthetic H3-centre fleet seed"}},{"type":"Feature","geometry":{"type":"Point","coordinates":[-73.92770154644333,40.74354704274161]},"properties":{"vehicle_id":"NV-909","status":"maintenance","recorded_at":"2026-09-01 22:15:00+00","location_basis":"synthetic H3-centre fleet seed"}},{"type":"Feature","geometry":{"type":"Point","coordinates":[-73.98165845885661,40.75532163770499]},"properties":{"vehicle_id":"NV-912","status":"charging","recorded_at":"2026-09-01 22:57:00+00","location_basis":"synthetic H3-centre fleet seed"}},{"type":"Feature","geometry":{"type":"Point","coordinates":[-73.93605072192892,40.73803838561981]},"properties":{"vehicle_id":"NV-913","status":"maintenance","recorded_at":"2026-09-01 14:32:00+00","location_basis":"synthetic H3-centre fleet seed"}},{"type":"Feature","geometry":{"type":"Point","coordinates":[-73.95416687579231,40.76399273653342]},"properties":{"vehicle_id":"NV-914","status":"on_trip","recorded_at":"2026-09-01 14:38:00+00","location_basis":"synthetic H3-centre fleet seed"}},{"type":"Feature","geometry":{"type":"Point","coordinates":[-73.9478616026046,40.71129449118791]},"properties":{"vehicle_id":"NV-918","status":"idle","recorded_at":"2026-09-01 21:37:00+00","location_basis":"synthetic H3-centre fleet seed"}},{"type":"Feature","geometry":{"type":"Point","coordinates":[-73.97575862231949,40.76870181720305]},"properties":{"vehicle_id":"NV-931","status":"maintenance","recorded_at":"2026-09-01 06:13:00+00","location_basis":"synthetic H3-centre fleet seed"}},{"type":"Feature","geometry":{"type":"Point","coordinates":[-73.9384905803942,40.74590379275409]},"properties":{"vehicle_id":"NV-935","status":"charging","recorded_at":"2026-09-01 17:57:00+00","location_basis":"synthetic H3-centre fleet seed"}},{"type":"Feature","geometry":{"type":"Point","coordinates":[-73.99099986933716,40.720704219149056]},"properties":{"vehicle_id":"NV-937","status":"idle","recorded_at":"2026-09-01 09:08:00+00","location_basis":"synthetic H3-centre fleet seed"}},{"type":"Feature","geometry":{"type":"Point","coordinates":[-73.92873607570803,40.71444659581721]},"properties":{"vehicle_id":"NV-938","status":"on_trip","recorded_at":"2026-09-01 16:29:00+00","location_basis":"synthetic H3-centre fleet seed"}},{"type":"Feature","geometry":{"type":"Point","coordinates":[-73.97676396089014,40.73959124262263]},"properties":{"vehicle_id":"NV-939","status":"idle","recorded_at":"2026-09-01 17:16:00+00","location_basis":"synthetic H3-centre fleet seed"}},{"type":"Feature","geometry":{"type":"Point","coordinates":[-73.93951848714897,40.71680226747968]},"properties":{"vehicle_id":"NV-941","status":"charging","recorded_at":"2026-09-01 12:22:00+00","location_basis":"synthetic H3-centre fleet seed"}},{"type":"Feature","geometry":{"type":"Point","coordinates":[-73.98165845885661,40.75532163770499]},"properties":{"vehicle_id":"NV-942","status":"on_trip","recorded_at":"2026-09-01 16:17:00+00","location_basis":"synthetic H3-centre fleet seed"}},{"type":"Feature","geometry":{"type":"Point","coordinates":[-73.99933797536255,40.7151923699604]},"properties":{"vehicle_id":"NV-943","status":"on_trip","recorded_at":"2026-09-01 10:56:00+00","location_basis":"synthetic H3-centre fleet seed"}},{"type":"Feature","geometry":{"type":"Point","coordinates":[-73.96251675513757,40.75848077235944]},"properties":{"vehicle_id":"NV-946","status":"charging","recorded_at":"2026-09-01 17:04:00+00","location_basis":"synthetic H3-centre fleet seed"}},{"type":"Feature","geometry":{"type":"Point","coordinates":[-73.92666573484021,40.77265806162366]},"properties":{"vehicle_id":"NV-947","status":"on_trip","recorded_at":"2026-09-01 09:25:00+00","location_basis":"synthetic H3-centre fleet seed"}},{"type":"Feature","geometry":{"type":"Point","coordinates":[-73.95620281665516,40.70578645857306]},"properties":{"vehicle_id":"NV-948","status":"on_trip","recorded_at":"2026-09-01 21:22:00+00","location_basis":"synthetic H3-centre fleet seed"}},{"type":"Feature","geometry":{"type":"Point","coordinates":[-73.92770154644333,40.74354704274161]},"properties":{"vehicle_id":"NV-949","status":"charging","recorded_at":"2026-09-01 06:22:00+00","location_basis":"synthetic H3-centre fleet seed"}},{"type":"Feature","geometry":{"type":"Point","coordinates":[-73.9120425913492,40.72545946711864]},"properties":{"vehicle_id":"NV-963","status":"on_trip","recorded_at":"2026-09-01 07:56:00+00","location_basis":"synthetic H3-centre fleet seed"}},{"type":"Feature","geometry":{"type":"Point","coordinates":[-73.97431794817466,40.731727151631226]},"properties":{"vehicle_id":"NV-964","status":"charging","recorded_at":"2026-09-01 22:34:00+00","location_basis":"synthetic H3-centre fleet seed"}},{"type":"Feature","geometry":{"type":"Point","coordinates":[-73.95661115441824,40.77186039737063]},"properties":{"vehicle_id":"NV-966","status":"idle","recorded_at":"2026-09-01 12:01:00+00","location_basis":"synthetic H3-centre fleet seed"}},{"type":"Feature","geometry":{"type":"Point","coordinates":[-74.00914047636303,40.746644773127144]},"properties":{"vehicle_id":"NV-968","status":"charging","recorded_at":"2026-09-01 17:06:00+00","location_basis":"synthetic H3-centre fleet seed"}},{"type":"Feature","geometry":{"type":"Point","coordinates":[-73.97331126335344,40.7608348151879]},"properties":{"vehicle_id":"NV-974","status":"charging","recorded_at":"2026-09-01 07:42:00+00","location_basis":"synthetic H3-centre fleet seed"}},{"type":"Feature","geometry":{"type":"Point","coordinates":[-73.92282655083757,40.72781704896388]},"properties":{"vehicle_id":"NV-979","status":"maintenance","recorded_at":"2026-09-01 09:47:00+00","location_basis":"synthetic H3-centre fleet seed"}},{"type":"Feature","geometry":{"type":"Point","coordinates":[-73.9851069987431,40.734079205547104]},"properties":{"vehicle_id":"NV-980","status":"on_trip","recorded_at":"2026-09-01 06:41:00+00","location_basis":"synthetic H3-centre fleet seed"}},{"type":"Feature","geometry":{"type":"Point","coordinates":[-73.91691368790532,40.74118937795546]},"properties":{"vehicle_id":"NV-981","status":"on_trip","recorded_at":"2026-09-01 13:22:00+00","location_basis":"synthetic H3-centre fleet seed"}},{"type":"Feature","geometry":{"type":"Point","coordinates":[-74.00423757543584,40.73091709639526]},"properties":{"vehicle_id":"NV-982","status":"charging","recorded_at":"2026-09-01 08:37:00+00","location_basis":"synthetic H3-centre fleet seed"}},{"type":"Feature","geometry":{"type":"Point","coordinates":[-73.94683898038865,40.74039418002556]},"properties":{"vehicle_id":"NV-984","status":"maintenance","recorded_at":"2026-09-01 08:20:00+00","location_basis":"synthetic H3-centre fleet seed"}},{"type":"Feature","geometry":{"type":"Point","coordinates":[-73.98165845885661,40.75532163770499]},"properties":{"vehicle_id":"NV-985","status":"maintenance","recorded_at":"2026-09-01 13:16:00+00","location_basis":"synthetic H3-centre fleet seed"}},{"type":"Feature","geometry":{"type":"Point","coordinates":[-73.94195782977722,40.72466549971743]},"properties":{"vehicle_id":"NV-986","status":"idle","recorded_at":"2026-09-01 19:40:00+00","location_basis":"synthetic H3-centre fleet seed"}},{"type":"Feature","geometry":{"type":"Point","coordinates":[-74.00324943564166,40.760025061971376]},"properties":{"vehicle_id":"NV-987","status":"charging","recorded_at":"2026-09-01 11:14:00+00","location_basis":"synthetic H3-centre fleet seed"}},{"type":"Feature","geometry":{"type":"Point","coordinates":[-73.99933797536255,40.7151923699604]},"properties":{"vehicle_id":"NV-989","status":"charging","recorded_at":"2026-09-01 13:55:00+00","location_basis":"synthetic H3-centre fleet seed"}},{"type":"Feature","geometry":{"type":"Point","coordinates":[-73.93361168526361,40.73017371692854]},"properties":{"vehicle_id":"NV-993","status":"on_trip","recorded_at":"2026-09-01 10:24:00+00","location_basis":"synthetic H3-centre fleet seed"}},{"type":"Feature","geometry":{"type":"Point","coordinates":[-73.95274336311812,40.72702029834894]},"properties":{"vehicle_id":"NV-994","status":"idle","recorded_at":"2026-09-01 18:18:00+00","location_basis":"synthetic H3-centre fleet seed"}},{"type":"Feature","geometry":{"type":"Point","coordinates":[-73.94195782977722,40.72466549971743]},"properties":{"vehicle_id":"NV-995","status":"on_trip","recorded_at":"2026-09-01 15:03:00+00","location_basis":"synthetic H3-centre fleet seed"}},{"type":"Feature","geometry":{"type":"Point","coordinates":[-73.91343395497815,40.762431080288984]},"properties":{"vehicle_id":"NV-996","status":"on_trip","recorded_at":"2026-09-01 20:08:00+00","location_basis":"synthetic H3-centre fleet seed"}},{"type":"Feature","geometry":{"type":"Point","coordinates":[-73.93361168526361,40.73017371692854]},"properties":{"vehicle_id":"NV-997","status":"idle","recorded_at":"2026-09-01 12:03:00+00","location_basis":"synthetic H3-centre fleet seed"}},{"type":"Feature","geometry":{"type":"Point","coordinates":[-73.95367431640625,40.77512741088867]},"properties":{"vehicle_id":"TLC16-DEMO-0001","status":"on_trip","recorded_at":"2026-09-01 09:01:00+00","location_basis":"2016 TLC pickup coordinate reused for a synthetic vehicle"}},{"type":"Feature","geometry":{"type":"Point","coordinates":[-73.95880126953125,40.76905822753906]},"properties":{"vehicle_id":"TLC16-DEMO-0002","status":"charging","recorded_at":"2026-09-01 09:02:00+00","location_basis":"2016 TLC pickup coordinate reused for a synthetic vehicle"}},{"type":"Feature","geometry":{"type":"Point","coordinates":[-73.96080017089844,40.77503967285156]},"properties":{"vehicle_id":"TLC16-DEMO-0003","status":"maintenance","recorded_at":"2026-09-01 09:03:00+00","location_basis":"2016 TLC pickup coordinate reused for a synthetic vehicle"}},{"type":"Feature","geometry":{"type":"Point","coordinates":[-73.95537567138672,40.77359390258789]},"properties":{"vehicle_id":"TLC16-DEMO-0004","status":"idle","recorded_at":"2026-09-01 09:04:00+00","location_basis":"2016 TLC pickup coordinate reused for a synthetic vehicle"}},{"type":"Feature","geometry":{"type":"Point","coordinates":[-73.95831298828125,40.773590087890625]},"properties":{"vehicle_id":"TLC16-DEMO-0005","status":"on_trip","recorded_at":"2026-09-01 09:05:00+00","location_basis":"2016 TLC pickup coordinate reused for a synthetic vehicle"}},{"type":"Feature","geometry":{"type":"Point","coordinates":[-73.96631622314453,40.770652770996094]},"properties":{"vehicle_id":"TLC16-DEMO-0006","status":"charging","recorded_at":"2026-09-01 09:06:00+00","location_basis":"2016 TLC pickup coordinate reused for a synthetic vehicle"}},{"type":"Feature","geometry":{"type":"Point","coordinates":[-73.9627914428711,40.775428771972656]},"properties":{"vehicle_id":"TLC16-DEMO-0007","status":"maintenance","recorded_at":"2026-09-01 09:07:00+00","location_basis":"2016 TLC pickup coordinate reused for a synthetic vehicle"}},{"type":"Feature","geometry":{"type":"Point","coordinates":[-73.96529388427734,40.7718620300293]},"properties":{"vehicle_id":"TLC16-DEMO-0008","status":"idle","recorded_at":"2026-09-01 09:08:00+00","location_basis":"2016 TLC pickup coordinate reused for a synthetic vehicle"}},{"type":"Feature","geometry":{"type":"Point","coordinates":[-73.96356964111328,40.77521896362305]},"properties":{"vehicle_id":"TLC16-DEMO-0009","status":"on_trip","recorded_at":"2026-09-01 09:09:00+00","location_basis":"2016 TLC pickup coordinate reused for a synthetic vehicle"}},{"type":"Feature","geometry":{"type":"Point","coordinates":[-73.9628677368164,40.773155212402344]},"properties":{"vehicle_id":"TLC16-DEMO-0010","status":"charging","recorded_at":"2026-09-01 09:10:00+00","location_basis":"2016 TLC pickup coordinate reused for a synthetic vehicle"}},{"type":"Feature","geometry":{"type":"Point","coordinates":[-73.9812240600586,40.77102279663086]},"properties":{"vehicle_id":"TLC16-DEMO-0011","status":"maintenance","recorded_at":"2026-09-01 09:11:00+00","location_basis":"2016 TLC pickup coordinate reused for a synthetic vehicle"}},{"type":"Feature","geometry":{"type":"Point","coordinates":[-73.99073791503906,40.77006149291992]},"properties":{"vehicle_id":"TLC16-DEMO-0012","status":"idle","recorded_at":"2026-09-01 09:12:00+00","location_basis":"2016 TLC pickup coordinate reused for a synthetic vehicle"}},{"type":"Feature","geometry":{"type":"Point","coordinates":[-73.98185729980469,40.77300262451172]},"properties":{"vehicle_id":"TLC16-DEMO-0013","status":"on_trip","recorded_at":"2026-09-01 09:13:00+00","location_basis":"2016 TLC pickup coordinate reused for a synthetic vehicle"}},{"type":"Feature","geometry":{"type":"Point","coordinates":[-73.98384857177734,40.770591735839844]},"properties":{"vehicle_id":"TLC16-DEMO-0014","status":"charging","recorded_at":"2026-09-01 09:14:00+00","location_basis":"2016 TLC pickup coordinate reused for a synthetic vehicle"}},{"type":"Feature","geometry":{"type":"Point","coordinates":[-73.98612976074219,40.767478942871094]},"properties":{"vehicle_id":"TLC16-DEMO-0015","status":"maintenance","recorded_at":"2026-09-01 09:15:00+00","location_basis":"2016 TLC pickup coordinate reused for a synthetic vehicle"}},{"type":"Feature","geometry":{"type":"Point","coordinates":[-73.95329284667969,40.74504852294922]},"properties":{"vehicle_id":"TLC16-DEMO-0016","status":"idle","recorded_at":"2026-09-01 09:16:00+00","location_basis":"2016 TLC pickup coordinate reused for a synthetic vehicle"}},{"type":"Feature","geometry":{"type":"Point","coordinates":[-73.95231628417969,40.741519927978516]},"properties":{"vehicle_id":"TLC16-DEMO-0017","status":"on_trip","recorded_at":"2026-09-01 09:17:00+00","location_basis":"2016 TLC pickup coordinate reused for a synthetic vehicle"}},{"type":"Feature","geometry":{"type":"Point","coordinates":[-73.95387268066406,40.74345779418945]},"properties":{"vehicle_id":"TLC16-DEMO-0018","status":"charging","recorded_at":"2026-09-01 09:18:00+00","location_basis":"2016 TLC pickup coordinate reused for a synthetic vehicle"}},{"type":"Feature","geometry":{"type":"Point","coordinates":[-73.95465850830078,40.73225784301758]},"properties":{"vehicle_id":"TLC16-DEMO-0019","status":"maintenance","recorded_at":"2026-09-01 09:19:00+00","location_basis":"2016 TLC pickup coordinate reused for a synthetic vehicle"}},{"type":"Feature","geometry":{"type":"Point","coordinates":[-73.95297241210938,40.735321044921875]},"properties":{"vehicle_id":"TLC16-DEMO-0020","status":"idle","recorded_at":"2026-09-01 09:20:00+00","location_basis":"2016 TLC pickup coordinate reused for a synthetic vehicle"}},{"type":"Feature","geometry":{"type":"Point","coordinates":[-73.95498657226562,40.73418045043945]},"properties":{"vehicle_id":"TLC16-DEMO-0021","status":"on_trip","recorded_at":"2026-09-01 09:21:00+00","location_basis":"2016 TLC pickup coordinate reused for a synthetic vehicle"}},{"type":"Feature","geometry":{"type":"Point","coordinates":[-73.9526138305664,40.74706268310547]},"properties":{"vehicle_id":"TLC16-DEMO-0022","status":"charging","recorded_at":"2026-09-01 09:22:00+00","location_basis":"2016 TLC pickup coordinate reused for a synthetic vehicle"}},{"type":"Feature","geometry":{"type":"Point","coordinates":[-73.9522705078125,40.74924087524414]},"properties":{"vehicle_id":"TLC16-DEMO-0023","status":"maintenance","recorded_at":"2026-09-01 09:23:00+00","location_basis":"2016 TLC pickup coordinate reused for a synthetic vehicle"}},{"type":"Feature","geometry":{"type":"Point","coordinates":[-73.95691680908203,40.7479362487793]},"properties":{"vehicle_id":"TLC16-DEMO-0024","status":"idle","recorded_at":"2026-09-01 09:24:00+00","location_basis":"2016 TLC pickup coordinate reused for a synthetic vehicle"}},{"type":"Feature","geometry":{"type":"Point","coordinates":[-73.94486236572266,40.727294921875]},"properties":{"vehicle_id":"TLC16-DEMO-0025","status":"on_trip","recorded_at":"2026-09-01 09:25:00+00","location_basis":"2016 TLC pickup coordinate reused for a synthetic vehicle"}},{"type":"Feature","geometry":{"type":"Point","coordinates":[-73.9573974609375,40.72853469848633]},"properties":{"vehicle_id":"TLC16-DEMO-0026","status":"charging","recorded_at":"2026-09-01 09:26:00+00","location_basis":"2016 TLC pickup coordinate reused for a synthetic vehicle"}},{"type":"Feature","geometry":{"type":"Point","coordinates":[-73.95020294189453,40.72795867919922]},"properties":{"vehicle_id":"TLC16-DEMO-0027","status":"maintenance","recorded_at":"2026-09-01 09:27:00+00","location_basis":"2016 TLC pickup coordinate reused for a synthetic vehicle"}},{"type":"Feature","geometry":{"type":"Point","coordinates":[-73.95280456542969,40.72716522216797]},"properties":{"vehicle_id":"TLC16-DEMO-0028","status":"idle","recorded_at":"2026-09-01 09:28:00+00","location_basis":"2016 TLC pickup coordinate reused for a synthetic vehicle"}},{"type":"Feature","geometry":{"type":"Point","coordinates":[-73.9498519897461,40.722259521484375]},"properties":{"vehicle_id":"TLC16-DEMO-0029","status":"on_trip","recorded_at":"2026-09-01 09:29:00+00","location_basis":"2016 TLC pickup coordinate reused for a synthetic vehicle"}},{"type":"Feature","geometry":{"type":"Point","coordinates":[-73.95230102539062,40.717140197753906]},"properties":{"vehicle_id":"TLC16-DEMO-0030","status":"charging","recorded_at":"2026-09-01 09:30:00+00","location_basis":"2016 TLC pickup coordinate reused for a synthetic vehicle"}},{"type":"Feature","geometry":{"type":"Point","coordinates":[-73.95475006103516,40.71868133544922]},"properties":{"vehicle_id":"TLC16-DEMO-0031","status":"maintenance","recorded_at":"2026-09-01 09:31:00+00","location_basis":"2016 TLC pickup coordinate reused for a synthetic vehicle"}},{"type":"Feature","geometry":{"type":"Point","coordinates":[-73.95516967773438,40.71818161010742]},"properties":{"vehicle_id":"TLC16-DEMO-0032","status":"idle","recorded_at":"2026-09-01 09:32:00+00","location_basis":"2016 TLC pickup coordinate reused for a synthetic vehicle"}},{"type":"Feature","geometry":{"type":"Point","coordinates":[-73.99122619628906,40.73921585083008]},"properties":{"vehicle_id":"TLC16-DEMO-0033","status":"on_trip","recorded_at":"2026-09-01 09:33:00+00","location_basis":"2016 TLC pickup coordinate reused for a synthetic vehicle"}},{"type":"Feature","geometry":{"type":"Point","coordinates":[-73.98594665527344,40.74051284790039]},"properties":{"vehicle_id":"TLC16-DEMO-0034","status":"charging","recorded_at":"2026-09-01 09:34:00+00","location_basis":"2016 TLC pickup coordinate reused for a synthetic vehicle"}},{"type":"Feature","geometry":{"type":"Point","coordinates":[-73.9928207397461,40.74284362792969]},"properties":{"vehicle_id":"TLC16-DEMO-0035","status":"maintenance","recorded_at":"2026-09-01 09:35:00+00","location_basis":"2016 TLC pickup coordinate reused for a synthetic vehicle"}},{"type":"Feature","geometry":{"type":"Point","coordinates":[-73.98980712890625,40.74340057373047]},"properties":{"vehicle_id":"TLC16-DEMO-0036","status":"idle","recorded_at":"2026-09-01 09:36:00+00","location_basis":"2016 TLC pickup coordinate reused for a synthetic vehicle"}},{"type":"Feature","geometry":{"type":"Point","coordinates":[-73.98464965820312,40.74551010131836]},"properties":{"vehicle_id":"TLC16-DEMO-0037","status":"on_trip","recorded_at":"2026-09-01 09:37:00+00","location_basis":"2016 TLC pickup coordinate reused for a synthetic vehicle"}},{"type":"Feature","geometry":{"type":"Point","coordinates":[-73.98420715332031,40.73291015625]},"properties":{"vehicle_id":"TLC16-DEMO-0038","status":"charging","recorded_at":"2026-09-01 09:38:00+00","location_basis":"2016 TLC pickup coordinate reused for a synthetic vehicle"}},{"type":"Feature","geometry":{"type":"Point","coordinates":[-73.98599243164062,40.7347526550293]},"properties":{"vehicle_id":"TLC16-DEMO-0039","status":"maintenance","recorded_at":"2026-09-01 09:39:00+00","location_basis":"2016 TLC pickup coordinate reused for a synthetic vehicle"}},{"type":"Feature","geometry":{"type":"Point","coordinates":[-73.98367309570312,40.73424530029297]},"properties":{"vehicle_id":"TLC16-DEMO-0040","status":"idle","recorded_at":"2026-09-01 09:40:00+00","location_basis":"2016 TLC pickup coordinate reused for a synthetic vehicle"}},{"type":"Feature","geometry":{"type":"Point","coordinates":[-73.98957061767578,40.734378814697266]},"properties":{"vehicle_id":"TLC16-DEMO-0041","status":"on_trip","recorded_at":"2026-09-01 09:41:00+00","location_basis":"2016 TLC pickup coordinate reused for a synthetic vehicle"}},{"type":"Feature","geometry":{"type":"Point","coordinates":[-73.98483276367188,40.73671340942383]},"properties":{"vehicle_id":"TLC16-DEMO-0042","status":"charging","recorded_at":"2026-09-01 09:42:00+00","location_basis":"2016 TLC pickup coordinate reused for a synthetic vehicle"}},{"type":"Feature","geometry":{"type":"Point","coordinates":[-73.99364471435547,40.74168014526367]},"properties":{"vehicle_id":"TLC16-DEMO-0043","status":"maintenance","recorded_at":"2026-09-01 09:43:00+00","location_basis":"2016 TLC pickup coordinate reused for a synthetic vehicle"}},{"type":"Feature","geometry":{"type":"Point","coordinates":[-73.99354553222656,40.741912841796875]},"properties":{"vehicle_id":"TLC16-DEMO-0044","status":"idle","recorded_at":"2026-09-01 09:44:00+00","location_basis":"2016 TLC pickup coordinate reused for a synthetic vehicle"}},{"type":"Feature","geometry":{"type":"Point","coordinates":[-73.99663543701172,40.74277877807617]},"properties":{"vehicle_id":"TLC16-DEMO-0045","status":"on_trip","recorded_at":"2026-09-01 09:45:00+00","location_basis":"2016 TLC pickup coordinate reused for a synthetic vehicle"}},{"type":"Feature","geometry":{"type":"Point","coordinates":[-74.00137329101562,40.74142074584961]},"properties":{"vehicle_id":"TLC16-DEMO-0046","status":"charging","recorded_at":"2026-09-01 09:46:00+00","location_basis":"2016 TLC pickup coordinate reused for a synthetic vehicle"}},{"type":"Feature","geometry":{"type":"Point","coordinates":[-73.99385833740234,40.74124526977539]},"properties":{"vehicle_id":"TLC16-DEMO-0047","status":"maintenance","recorded_at":"2026-09-01 09:47:00+00","location_basis":"2016 TLC pickup coordinate reused for a synthetic vehicle"}},{"type":"Feature","geometry":{"type":"Point","coordinates":[-73.99259185791016,40.737308502197266]},"properties":{"vehicle_id":"TLC16-DEMO-0048","status":"idle","recorded_at":"2026-09-01 09:48:00+00","location_basis":"2016 TLC pickup coordinate reused for a synthetic vehicle"}},{"type":"Feature","geometry":{"type":"Point","coordinates":[-74.00027465820312,40.73775863647461]},"properties":{"vehicle_id":"TLC16-DEMO-0049","status":"on_trip","recorded_at":"2026-09-01 09:49:00+00","location_basis":"2016 TLC pickup coordinate reused for a synthetic vehicle"}},{"type":"Feature","geometry":{"type":"Point","coordinates":[-73.99254608154297,40.7372932434082]},"properties":{"vehicle_id":"TLC16-DEMO-0050","status":"charging","recorded_at":"2026-09-01 09:50:00+00","location_basis":"2016 TLC pickup coordinate reused for a synthetic vehicle"}},{"type":"Feature","geometry":{"type":"Point","coordinates":[-73.99894714355469,40.734493255615234]},"properties":{"vehicle_id":"TLC16-DEMO-0051","status":"maintenance","recorded_at":"2026-09-01 09:51:00+00","location_basis":"2016 TLC pickup coordinate reused for a synthetic vehicle"}},{"type":"Feature","geometry":{"type":"Point","coordinates":[-73.99340057373047,40.73335266113281]},"properties":{"vehicle_id":"TLC16-DEMO-0052","status":"idle","recorded_at":"2026-09-01 09:52:00+00","location_basis":"2016 TLC pickup coordinate reused for a synthetic vehicle"}},{"type":"Feature","geometry":{"type":"Point","coordinates":[-73.9829330444336,40.750301361083984]},"properties":{"vehicle_id":"TLC16-DEMO-0053","status":"on_trip","recorded_at":"2026-09-01 09:53:00+00","location_basis":"2016 TLC pickup coordinate reused for a synthetic vehicle"}},{"type":"Feature","geometry":{"type":"Point","coordinates":[-73.97692108154297,40.749088287353516]},"properties":{"vehicle_id":"TLC16-DEMO-0054","status":"charging","recorded_at":"2026-09-01 09:54:00+00","location_basis":"2016 TLC pickup coordinate reused for a synthetic vehicle"}},{"type":"Feature","geometry":{"type":"Point","coordinates":[-73.98465728759766,40.7484016418457]},"properties":{"vehicle_id":"TLC16-DEMO-0055","status":"maintenance","recorded_at":"2026-09-01 09:55:00+00","location_basis":"2016 TLC pickup coordinate reused for a synthetic vehicle"}},{"type":"Feature","geometry":{"type":"Point","coordinates":[-73.9781494140625,40.74903869628906]},"properties":{"vehicle_id":"TLC16-DEMO-0056","status":"idle","recorded_at":"2026-09-01 09:56:00+00","location_basis":"2016 TLC pickup coordinate reused for a synthetic vehicle"}},{"type":"Feature","geometry":{"type":"Point","coordinates":[-73.98175811767578,40.74930953979492]},"properties":{"vehicle_id":"TLC16-DEMO-0057","status":"on_trip","recorded_at":"2026-09-01 09:57:00+00","location_basis":"2016 TLC pickup coordinate reused for a synthetic vehicle"}},{"type":"Feature","geometry":{"type":"Point","coordinates":[-73.98027801513672,40.73871994018555]},"properties":{"vehicle_id":"TLC16-DEMO-0058","status":"charging","recorded_at":"2026-09-01 09:58:00+00","location_basis":"2016 TLC pickup coordinate reused for a synthetic vehicle"}},{"type":"Feature","geometry":{"type":"Point","coordinates":[-73.98158264160156,40.740821838378906]},"properties":{"vehicle_id":"TLC16-DEMO-0059","status":"maintenance","recorded_at":"2026-09-01 09:59:00+00","location_basis":"2016 TLC pickup coordinate reused for a synthetic vehicle"}},{"type":"Feature","geometry":{"type":"Point","coordinates":[-73.98135375976562,40.7410888671875]},"properties":{"vehicle_id":"TLC16-DEMO-0060","status":"idle","recorded_at":"2026-09-01 10:00:00+00","location_basis":"2016 TLC pickup coordinate reused for a synthetic vehicle"}},{"type":"Feature","geometry":{"type":"Point","coordinates":[-73.97775268554688,40.737998962402344]},"properties":{"vehicle_id":"TLC16-DEMO-0061","status":"on_trip","recorded_at":"2026-09-01 10:01:00+00","location_basis":"2016 TLC pickup coordinate reused for a synthetic vehicle"}},{"type":"Feature","geometry":{"type":"Point","coordinates":[-73.98017883300781,40.74303436279297]},"properties":{"vehicle_id":"TLC16-DEMO-0062","status":"charging","recorded_at":"2026-09-01 10:02:00+00","location_basis":"2016 TLC pickup coordinate reused for a synthetic vehicle"}},{"type":"Feature","geometry":{"type":"Point","coordinates":[-73.99400329589844,40.7517204284668]},"properties":{"vehicle_id":"TLC16-DEMO-0063","status":"maintenance","recorded_at":"2026-09-01 10:03:00+00","location_basis":"2016 TLC pickup coordinate reused for a synthetic vehicle"}},{"type":"Feature","geometry":{"type":"Point","coordinates":[-73.9940185546875,40.75124740600586]},"properties":{"vehicle_id":"TLC16-DEMO-0064","status":"idle","recorded_at":"2026-09-01 10:04:00+00","location_basis":"2016 TLC pickup coordinate reused for a synthetic vehicle"}},{"type":"Feature","geometry":{"type":"Point","coordinates":[-73.99176025390625,40.74916458129883]},"properties":{"vehicle_id":"TLC16-DEMO-0065","status":"on_trip","recorded_at":"2026-09-01 10:05:00+00","location_basis":"2016 TLC pickup coordinate reused for a synthetic vehicle"}},{"type":"Feature","geometry":{"type":"Point","coordinates":[-73.99409484863281,40.751182556152344]},"properties":{"vehicle_id":"TLC16-DEMO-0066","status":"charging","recorded_at":"2026-09-01 10:06:00+00","location_basis":"2016 TLC pickup coordinate reused for a synthetic vehicle"}},{"type":"Feature","geometry":{"type":"Point","coordinates":[-73.99435424804688,40.750850677490234]},"properties":{"vehicle_id":"TLC16-DEMO-0067","status":"maintenance","recorded_at":"2026-09-01 10:07:00+00","location_basis":"2016 TLC pickup coordinate reused for a synthetic vehicle"}},{"type":"Feature","geometry":{"type":"Point","coordinates":[-73.98040008544922,40.73025894165039]},"properties":{"vehicle_id":"TLC16-DEMO-0068","status":"idle","recorded_at":"2026-09-01 10:08:00+00","location_basis":"2016 TLC pickup coordinate reused for a synthetic vehicle"}},{"type":"Feature","geometry":{"type":"Point","coordinates":[-73.9826431274414,40.72417449951172]},"properties":{"vehicle_id":"TLC16-DEMO-0069","status":"on_trip","recorded_at":"2026-09-01 10:09:00+00","location_basis":"2016 TLC pickup coordinate reused for a synthetic vehicle"}},{"type":"Feature","geometry":{"type":"Point","coordinates":[-73.982177734375,40.723819732666016]},"properties":{"vehicle_id":"TLC16-DEMO-0070","status":"charging","recorded_at":"2026-09-01 10:10:00+00","location_basis":"2016 TLC pickup coordinate reused for a synthetic vehicle"}},{"type":"Feature","geometry":{"type":"Point","coordinates":[-73.97904205322266,40.72796630859375]},"properties":{"vehicle_id":"TLC16-DEMO-0071","status":"maintenance","recorded_at":"2026-09-01 10:11:00+00","location_basis":"2016 TLC pickup coordinate reused for a synthetic vehicle"}},{"type":"Feature","geometry":{"type":"Point","coordinates":[-73.9830551147461,40.72675704956055]},"properties":{"vehicle_id":"TLC16-DEMO-0072","status":"idle","recorded_at":"2026-09-01 10:12:00+00","location_basis":"2016 TLC pickup coordinate reused for a synthetic vehicle"}},{"type":"Feature","geometry":{"type":"Point","coordinates":[-73.97931671142578,40.72023010253906]},"properties":{"vehicle_id":"TLC16-DEMO-0073","status":"on_trip","recorded_at":"2026-09-01 10:13:00+00","location_basis":"2016 TLC pickup coordinate reused for a synthetic vehicle"}},{"type":"Feature","geometry":{"type":"Point","coordinates":[-73.98281860351562,40.7196044921875]},"properties":{"vehicle_id":"TLC16-DEMO-0074","status":"charging","recorded_at":"2026-09-01 10:14:00+00","location_basis":"2016 TLC pickup coordinate reused for a synthetic vehicle"}},{"type":"Feature","geometry":{"type":"Point","coordinates":[-73.9853744506836,40.717864990234375]},"properties":{"vehicle_id":"TLC16-DEMO-0075","status":"maintenance","recorded_at":"2026-09-01 10:15:00+00","location_basis":"2016 TLC pickup coordinate reused for a synthetic vehicle"}},{"type":"Feature","geometry":{"type":"Point","coordinates":[-73.98101043701172,40.72121047973633]},"properties":{"vehicle_id":"TLC16-DEMO-0076","status":"idle","recorded_at":"2026-09-01 10:16:00+00","location_basis":"2016 TLC pickup coordinate reused for a synthetic vehicle"}},{"type":"Feature","geometry":{"type":"Point","coordinates":[-73.98429870605469,40.720489501953125]},"properties":{"vehicle_id":"TLC16-DEMO-0077","status":"on_trip","recorded_at":"2026-09-01 10:17:00+00","location_basis":"2016 TLC pickup coordinate reused for a synthetic vehicle"}},{"type":"Feature","geometry":{"type":"Point","coordinates":[-73.9581298828125,40.7216796875]},"properties":{"vehicle_id":"TLC16-DEMO-0078","status":"charging","recorded_at":"2026-09-01 10:18:00+00","location_basis":"2016 TLC pickup coordinate reused for a synthetic vehicle"}},{"type":"Feature","geometry":{"type":"Point","coordinates":[-73.96098327636719,40.719051361083984]},"properties":{"vehicle_id":"TLC16-DEMO-0079","status":"maintenance","recorded_at":"2026-09-01 10:19:00+00","location_basis":"2016 TLC pickup coordinate reused for a synthetic vehicle"}},{"type":"Feature","geometry":{"type":"Point","coordinates":[-73.96257781982422,40.71950912475586]},"properties":{"vehicle_id":"TLC16-DEMO-0080","status":"idle","recorded_at":"2026-09-01 10:20:00+00","location_basis":"2016 TLC pickup coordinate reused for a synthetic vehicle"}},{"type":"Feature","geometry":{"type":"Point","coordinates":[-73.95761108398438,40.71798324584961]},"properties":{"vehicle_id":"TLC16-DEMO-0081","status":"on_trip","recorded_at":"2026-09-01 10:21:00+00","location_basis":"2016 TLC pickup coordinate reused for a synthetic vehicle"}},{"type":"Feature","geometry":{"type":"Point","coordinates":[-73.96025848388672,40.719730377197266]},"properties":{"vehicle_id":"TLC16-DEMO-0082","status":"charging","recorded_at":"2026-09-01 10:22:00+00","location_basis":"2016 TLC pickup coordinate reused for a synthetic vehicle"}},{"type":"Feature","geometry":{"type":"Point","coordinates":[-73.9745101928711,40.73310470581055]},"properties":{"vehicle_id":"TLC16-DEMO-0083","status":"maintenance","recorded_at":"2026-09-01 10:23:00+00","location_basis":"2016 TLC pickup coordinate reused for a synthetic vehicle"}},{"type":"Feature","geometry":{"type":"Point","coordinates":[-73.97797393798828,40.7293586730957]},"properties":{"vehicle_id":"TLC16-DEMO-0084","status":"idle","recorded_at":"2026-09-01 10:24:00+00","location_basis":"2016 TLC pickup coordinate reused for a synthetic vehicle"}},{"type":"Feature","geometry":{"type":"Point","coordinates":[-73.97757720947266,40.72938919067383]},"properties":{"vehicle_id":"TLC16-DEMO-0085","status":"on_trip","recorded_at":"2026-09-01 10:25:00+00","location_basis":"2016 TLC pickup coordinate reused for a synthetic vehicle"}},{"type":"Feature","geometry":{"type":"Point","coordinates":[-73.97622680664062,40.733428955078125]},"properties":{"vehicle_id":"TLC16-DEMO-0086","status":"charging","recorded_at":"2026-09-01 10:26:00+00","location_basis":"2016 TLC pickup coordinate reused for a synthetic vehicle"}},{"type":"Feature","geometry":{"type":"Point","coordinates":[-73.97543334960938,40.73337936401367]},"properties":{"vehicle_id":"TLC16-DEMO-0087","status":"maintenance","recorded_at":"2026-09-01 10:27:00+00","location_basis":"2016 TLC pickup coordinate reused for a synthetic vehicle"}},{"type":"Feature","geometry":{"type":"Point","coordinates":[-73.94733428955078,40.76469421386719]},"properties":{"vehicle_id":"TLC16-DEMO-0088","status":"idle","recorded_at":"2026-09-01 10:28:00+00","location_basis":"2016 TLC pickup coordinate reused for a synthetic vehicle"}},{"type":"Feature","geometry":{"type":"Point","coordinates":[-73.93984985351562,40.75056076049805]},"properties":{"vehicle_id":"TLC16-DEMO-0089","status":"on_trip","recorded_at":"2026-09-01 10:29:00+00","location_basis":"2016 TLC pickup coordinate reused for a synthetic vehicle"}},{"type":"Feature","geometry":{"type":"Point","coordinates":[-73.9422836303711,40.75430679321289]},"properties":{"vehicle_id":"TLC16-DEMO-0090","status":"charging","recorded_at":"2026-09-01 10:30:00+00","location_basis":"2016 TLC pickup coordinate reused for a synthetic vehicle"}},{"type":"Feature","geometry":{"type":"Point","coordinates":[-73.94559478759766,40.751556396484375]},"properties":{"vehicle_id":"TLC16-DEMO-0091","status":"maintenance","recorded_at":"2026-09-01 10:31:00+00","location_basis":"2016 TLC pickup coordinate reused for a synthetic vehicle"}},{"type":"Feature","geometry":{"type":"Point","coordinates":[-73.94171142578125,40.75154113769531]},"properties":{"vehicle_id":"TLC16-DEMO-0092","status":"idle","recorded_at":"2026-09-01 10:32:00+00","location_basis":"2016 TLC pickup coordinate reused for a synthetic vehicle"}},{"type":"Feature","geometry":{"type":"Point","coordinates":[-73.94550323486328,40.75167465209961]},"properties":{"vehicle_id":"TLC16-DEMO-0093","status":"on_trip","recorded_at":"2026-09-01 10:33:00+00","location_basis":"2016 TLC pickup coordinate reused for a synthetic vehicle"}},{"type":"Feature","geometry":{"type":"Point","coordinates":[-73.95380401611328,40.7669563293457]},"properties":{"vehicle_id":"TLC16-DEMO-0094","status":"charging","recorded_at":"2026-09-01 10:34:00+00","location_basis":"2016 TLC pickup coordinate reused for a synthetic vehicle"}},{"type":"Feature","geometry":{"type":"Point","coordinates":[-73.95484924316406,40.766151428222656]},"properties":{"vehicle_id":"TLC16-DEMO-0095","status":"maintenance","recorded_at":"2026-09-01 10:35:00+00","location_basis":"2016 TLC pickup coordinate reused for a synthetic vehicle"}},{"type":"Feature","geometry":{"type":"Point","coordinates":[-73.95755767822266,40.765743255615234]},"properties":{"vehicle_id":"TLC16-DEMO-0096","status":"idle","recorded_at":"2026-09-01 10:36:00+00","location_basis":"2016 TLC pickup coordinate reused for a synthetic vehicle"}},{"type":"Feature","geometry":{"type":"Point","coordinates":[-73.95524597167969,40.76495361328125]},"properties":{"vehicle_id":"TLC16-DEMO-0097","status":"on_trip","recorded_at":"2026-09-01 10:37:00+00","location_basis":"2016 TLC pickup coordinate reused for a synthetic vehicle"}},{"type":"Feature","geometry":{"type":"Point","coordinates":[-73.95582580566406,40.76408004760742]},"properties":{"vehicle_id":"TLC16-DEMO-0098","status":"charging","recorded_at":"2026-09-01 10:38:00+00","location_basis":"2016 TLC pickup coordinate reused for a synthetic vehicle"}},{"type":"Feature","geometry":{"type":"Point","coordinates":[-73.93717956542969,40.76473617553711]},"properties":{"vehicle_id":"TLC16-DEMO-0099","status":"maintenance","recorded_at":"2026-09-01 10:39:00+00","location_basis":"2016 TLC pickup coordinate reused for a synthetic vehicle"}},{"type":"Feature","geometry":{"type":"Point","coordinates":[-73.93695831298828,40.76448059082031]},"properties":{"vehicle_id":"TLC16-DEMO-0100","status":"idle","recorded_at":"2026-09-01 10:40:00+00","location_basis":"2016 TLC pickup coordinate reused for a synthetic vehicle"}},{"type":"Feature","geometry":{"type":"Point","coordinates":[-73.93250274658203,40.764549255371094]},"properties":{"vehicle_id":"TLC16-DEMO-0101","status":"on_trip","recorded_at":"2026-09-01 10:41:00+00","location_basis":"2016 TLC pickup coordinate reused for a synthetic vehicle"}},{"type":"Feature","geometry":{"type":"Point","coordinates":[-73.93038177490234,40.76142120361328]},"properties":{"vehicle_id":"TLC16-DEMO-0102","status":"charging","recorded_at":"2026-09-01 10:42:00+00","location_basis":"2016 TLC pickup coordinate reused for a synthetic vehicle"}},{"type":"Feature","geometry":{"type":"Point","coordinates":[-73.93661499023438,40.75995635986328]},"properties":{"vehicle_id":"TLC16-DEMO-0103","status":"maintenance","recorded_at":"2026-09-01 10:43:00+00","location_basis":"2016 TLC pickup coordinate reused for a synthetic vehicle"}},{"type":"Feature","geometry":{"type":"Point","coordinates":[-73.93409729003906,40.762779235839844]},"properties":{"vehicle_id":"TLC16-DEMO-0104","status":"idle","recorded_at":"2026-09-01 10:44:00+00","location_basis":"2016 TLC pickup coordinate reused for a synthetic vehicle"}},{"type":"Feature","geometry":{"type":"Point","coordinates":[-73.93049621582031,40.75553512573242]},"properties":{"vehicle_id":"TLC16-DEMO-0105","status":"on_trip","recorded_at":"2026-09-01 10:45:00+00","location_basis":"2016 TLC pickup coordinate reused for a synthetic vehicle"}},{"type":"Feature","geometry":{"type":"Point","coordinates":[-73.92317199707031,40.7438850402832]},"properties":{"vehicle_id":"TLC16-DEMO-0106","status":"charging","recorded_at":"2026-09-01 10:46:00+00","location_basis":"2016 TLC pickup coordinate reused for a synthetic vehicle"}},{"type":"Feature","geometry":{"type":"Point","coordinates":[-73.92601776123047,40.74424743652344]},"properties":{"vehicle_id":"TLC16-DEMO-0107","status":"maintenance","recorded_at":"2026-09-01 10:47:00+00","location_basis":"2016 TLC pickup coordinate reused for a synthetic vehicle"}},{"type":"Feature","geometry":{"type":"Point","coordinates":[-73.92423248291016,40.74398422241211]},"properties":{"vehicle_id":"TLC16-DEMO-0108","status":"idle","recorded_at":"2026-09-01 10:48:00+00","location_basis":"2016 TLC pickup coordinate reused for a synthetic vehicle"}},{"type":"Feature","geometry":{"type":"Point","coordinates":[-73.92469024658203,40.74404525756836]},"properties":{"vehicle_id":"TLC16-DEMO-0109","status":"on_trip","recorded_at":"2026-09-01 10:49:00+00","location_basis":"2016 TLC pickup coordinate reused for a synthetic vehicle"}},{"type":"Feature","geometry":{"type":"Point","coordinates":[-73.93769836425781,40.748924255371094]},"properties":{"vehicle_id":"TLC16-DEMO-0110","status":"charging","recorded_at":"2026-09-01 10:50:00+00","location_basis":"2016 TLC pickup coordinate reused for a synthetic vehicle"}},{"type":"Feature","geometry":{"type":"Point","coordinates":[-73.93684387207031,40.74858474731445]},"properties":{"vehicle_id":"TLC16-DEMO-0111","status":"maintenance","recorded_at":"2026-09-01 10:51:00+00","location_basis":"2016 TLC pickup coordinate reused for a synthetic vehicle"}},{"type":"Feature","geometry":{"type":"Point","coordinates":[-73.93717193603516,40.74882125854492]},"properties":{"vehicle_id":"TLC16-DEMO-0112","status":"idle","recorded_at":"2026-09-01 10:52:00+00","location_basis":"2016 TLC pickup coordinate reused for a synthetic vehicle"}},{"type":"Feature","geometry":{"type":"Point","coordinates":[-73.94123077392578,40.748985290527344]},"properties":{"vehicle_id":"TLC16-DEMO-0113","status":"on_trip","recorded_at":"2026-09-01 10:53:00+00","location_basis":"2016 TLC pickup coordinate reused for a synthetic vehicle"}},{"type":"Feature","geometry":{"type":"Point","coordinates":[-73.91786193847656,40.74650573730469]},"properties":{"vehicle_id":"TLC16-DEMO-0114","status":"charging","recorded_at":"2026-09-01 10:54:00+00","location_basis":"2016 TLC pickup coordinate reused for a synthetic vehicle"}},{"type":"Feature","geometry":{"type":"Point","coordinates":[-73.91845703125,40.74332046508789]},"properties":{"vehicle_id":"TLC16-DEMO-0115","status":"maintenance","recorded_at":"2026-09-01 10:55:00+00","location_basis":"2016 TLC pickup coordinate reused for a synthetic vehicle"}},{"type":"Feature","geometry":{"type":"Point","coordinates":[-73.92028045654297,40.74361038208008]},"properties":{"vehicle_id":"TLC16-DEMO-0116","status":"idle","recorded_at":"2026-09-01 10:56:00+00","location_basis":"2016 TLC pickup coordinate reused for a synthetic vehicle"}},{"type":"Feature","geometry":{"type":"Point","coordinates":[-73.91850280761719,40.744293212890625]},"properties":{"vehicle_id":"TLC16-DEMO-0117","status":"on_trip","recorded_at":"2026-09-01 10:57:00+00","location_basis":"2016 TLC pickup coordinate reused for a synthetic vehicle"}},{"type":"Feature","geometry":{"type":"Point","coordinates":[-73.92984771728516,40.75209045410156]},"properties":{"vehicle_id":"TLC16-DEMO-0118","status":"charging","recorded_at":"2026-09-01 10:58:00+00","location_basis":"2016 TLC pickup coordinate reused for a synthetic vehicle"}},{"type":"Feature","geometry":{"type":"Point","coordinates":[-73.92898559570312,40.75373458862305]},"properties":{"vehicle_id":"TLC16-DEMO-0119","status":"maintenance","recorded_at":"2026-09-01 10:59:00+00","location_basis":"2016 TLC pickup coordinate reused for a synthetic vehicle"}},{"type":"Feature","geometry":{"type":"Point","coordinates":[-73.9765853881836,40.76385498046875]},"properties":{"vehicle_id":"TLC16-DEMO-0120","status":"idle","recorded_at":"2026-09-01 11:00:00+00","location_basis":"2016 TLC pickup coordinate reused for a synthetic vehicle"}},{"type":"Feature","geometry":{"type":"Point","coordinates":[-73.9738540649414,40.75984191894531]},"properties":{"vehicle_id":"TLC16-DEMO-0121","status":"on_trip","recorded_at":"2026-09-01 11:01:00+00","location_basis":"2016 TLC pickup coordinate reused for a synthetic vehicle"}},{"type":"Feature","geometry":{"type":"Point","coordinates":[-73.97709655761719,40.76396942138672]},"properties":{"vehicle_id":"TLC16-DEMO-0122","status":"charging","recorded_at":"2026-09-01 11:02:00+00","location_basis":"2016 TLC pickup coordinate reused for a synthetic vehicle"}},{"type":"Feature","geometry":{"type":"Point","coordinates":[-73.97186279296875,40.76292419433594]},"properties":{"vehicle_id":"TLC16-DEMO-0123","status":"maintenance","recorded_at":"2026-09-01 11:03:00+00","location_basis":"2016 TLC pickup coordinate reused for a synthetic vehicle"}},{"type":"Feature","geometry":{"type":"Point","coordinates":[-73.96965026855469,40.761192321777344]},"properties":{"vehicle_id":"TLC16-DEMO-0124","status":"idle","recorded_at":"2026-09-01 11:04:00+00","location_basis":"2016 TLC pickup coordinate reused for a synthetic vehicle"}},{"type":"Feature","geometry":{"type":"Point","coordinates":[-73.96610260009766,40.75389099121094]},"properties":{"vehicle_id":"TLC16-DEMO-0125","status":"on_trip","recorded_at":"2026-09-01 11:05:00+00","location_basis":"2016 TLC pickup coordinate reused for a synthetic vehicle"}},{"type":"Feature","geometry":{"type":"Point","coordinates":[-73.97570037841797,40.75496292114258]},"properties":{"vehicle_id":"TLC16-DEMO-0126","status":"charging","recorded_at":"2026-09-01 11:06:00+00","location_basis":"2016 TLC pickup coordinate reused for a synthetic vehicle"}},{"type":"Feature","geometry":{"type":"Point","coordinates":[-73.97508239746094,40.75608825683594]},"properties":{"vehicle_id":"TLC16-DEMO-0127","status":"maintenance","recorded_at":"2026-09-01 11:07:00+00","location_basis":"2016 TLC pickup coordinate reused for a synthetic vehicle"}},{"type":"Feature","geometry":{"type":"Point","coordinates":[-73.97563934326172,40.75178146362305]},"properties":{"vehicle_id":"TLC16-DEMO-0128","status":"idle","recorded_at":"2026-09-01 11:08:00+00","location_basis":"2016 TLC pickup coordinate reused for a synthetic vehicle"}},{"type":"Feature","geometry":{"type":"Point","coordinates":[-73.97138977050781,40.750431060791016]},"properties":{"vehicle_id":"TLC16-DEMO-0129","status":"on_trip","recorded_at":"2026-09-01 11:09:00+00","location_basis":"2016 TLC pickup coordinate reused for a synthetic vehicle"}},{"type":"Feature","geometry":{"type":"Point","coordinates":[-73.98428344726562,40.7607536315918]},"properties":{"vehicle_id":"TLC16-DEMO-0130","status":"charging","recorded_at":"2026-09-01 11:10:00+00","location_basis":"2016 TLC pickup coordinate reused for a synthetic vehicle"}},{"type":"Feature","geometry":{"type":"Point","coordinates":[-73.98329162597656,40.76647186279297]},"properties":{"vehicle_id":"TLC16-DEMO-0131","status":"maintenance","recorded_at":"2026-09-01 11:11:00+00","location_basis":"2016 TLC pickup coordinate reused for a synthetic vehicle"}},{"type":"Feature","geometry":{"type":"Point","coordinates":[-73.9878921508789,40.76481246948242]},"properties":{"vehicle_id":"TLC16-DEMO-0132","status":"idle","recorded_at":"2026-09-01 11:12:00+00","location_basis":"2016 TLC pickup coordinate reused for a synthetic vehicle"}},{"type":"Feature","geometry":{"type":"Point","coordinates":[-73.98583984375,40.7598876953125]},"properties":{"vehicle_id":"TLC16-DEMO-0133","status":"on_trip","recorded_at":"2026-09-01 11:13:00+00","location_basis":"2016 TLC pickup coordinate reused for a synthetic vehicle"}},{"type":"Feature","geometry":{"type":"Point","coordinates":[-73.98235321044922,40.76422119140625]},"properties":{"vehicle_id":"TLC16-DEMO-0134","status":"charging","recorded_at":"2026-09-01 11:14:00+00","location_basis":"2016 TLC pickup coordinate reused for a synthetic vehicle"}},{"type":"Feature","geometry":{"type":"Point","coordinates":[-73.98153686523438,40.75904846191406]},"properties":{"vehicle_id":"TLC16-DEMO-0135","status":"maintenance","recorded_at":"2026-09-01 11:15:00+00","location_basis":"2016 TLC pickup coordinate reused for a synthetic vehicle"}},{"type":"Feature","geometry":{"type":"Point","coordinates":[-73.97856140136719,40.752323150634766]},"properties":{"vehicle_id":"TLC16-DEMO-0136","status":"idle","recorded_at":"2026-09-01 11:16:00+00","location_basis":"2016 TLC pickup coordinate reused for a synthetic vehicle"}},{"type":"Feature","geometry":{"type":"Point","coordinates":[-73.97865295410156,40.75663757324219]},"properties":{"vehicle_id":"TLC16-DEMO-0137","status":"on_trip","recorded_at":"2026-09-01 11:17:00+00","location_basis":"2016 TLC pickup coordinate reused for a synthetic vehicle"}},{"type":"Feature","geometry":{"type":"Point","coordinates":[-73.98423767089844,40.75486373901367]},"properties":{"vehicle_id":"TLC16-DEMO-0138","status":"charging","recorded_at":"2026-09-01 11:18:00+00","location_basis":"2016 TLC pickup coordinate reused for a synthetic vehicle"}},{"type":"Feature","geometry":{"type":"Point","coordinates":[-73.9780502319336,40.75739288330078]},"properties":{"vehicle_id":"TLC16-DEMO-0139","status":"maintenance","recorded_at":"2026-09-01 11:19:00+00","location_basis":"2016 TLC pickup coordinate reused for a synthetic vehicle"}},{"type":"Feature","geometry":{"type":"Point","coordinates":[-73.96661376953125,40.765708923339844]},"properties":{"vehicle_id":"TLC16-DEMO-0140","status":"idle","recorded_at":"2026-09-01 11:20:00+00","location_basis":"2016 TLC pickup coordinate reused for a synthetic vehicle"}},{"type":"Feature","geometry":{"type":"Point","coordinates":[-73.9640884399414,40.76548385620117]},"properties":{"vehicle_id":"TLC16-DEMO-0141","status":"on_trip","recorded_at":"2026-09-01 11:21:00+00","location_basis":"2016 TLC pickup coordinate reused for a synthetic vehicle"}},{"type":"Feature","geometry":{"type":"Point","coordinates":[-73.96739196777344,40.76682662963867]},"properties":{"vehicle_id":"TLC16-DEMO-0142","status":"charging","recorded_at":"2026-09-01 11:22:00+00","location_basis":"2016 TLC pickup coordinate reused for a synthetic vehicle"}},{"type":"Feature","geometry":{"type":"Point","coordinates":[-73.96089935302734,40.76582336425781]},"properties":{"vehicle_id":"TLC16-DEMO-0143","status":"maintenance","recorded_at":"2026-09-01 11:23:00+00","location_basis":"2016 TLC pickup coordinate reused for a synthetic vehicle"}},{"type":"Feature","geometry":{"type":"Point","coordinates":[-73.96471405029297,40.76966857910156]},"properties":{"vehicle_id":"TLC16-DEMO-0144","status":"idle","recorded_at":"2026-09-01 11:24:00+00","location_basis":"2016 TLC pickup coordinate reused for a synthetic vehicle"}},{"type":"Feature","geometry":{"type":"Point","coordinates":[-73.96369171142578,40.75737762451172]},"properties":{"vehicle_id":"TLC16-DEMO-0145","status":"on_trip","recorded_at":"2026-09-01 11:25:00+00","location_basis":"2016 TLC pickup coordinate reused for a synthetic vehicle"}},{"type":"Feature","geometry":{"type":"Point","coordinates":[-73.95870971679688,40.76006317138672]},"properties":{"vehicle_id":"TLC16-DEMO-0146","status":"charging","recorded_at":"2026-09-01 11:26:00+00","location_basis":"2016 TLC pickup coordinate reused for a synthetic vehicle"}},{"type":"Feature","geometry":{"type":"Point","coordinates":[-73.96312713623047,40.76249313354492]},"properties":{"vehicle_id":"TLC16-DEMO-0147","status":"maintenance","recorded_at":"2026-09-01 11:27:00+00","location_basis":"2016 TLC pickup coordinate reused for a synthetic vehicle"}},{"type":"Feature","geometry":{"type":"Point","coordinates":[-73.96585083007812,40.75844955444336]},"properties":{"vehicle_id":"TLC16-DEMO-0148","status":"idle","recorded_at":"2026-09-01 11:28:00+00","location_basis":"2016 TLC pickup coordinate reused for a synthetic vehicle"}},{"type":"Feature","geometry":{"type":"Point","coordinates":[-73.9610595703125,40.76039123535156]},"properties":{"vehicle_id":"TLC16-DEMO-0149","status":"on_trip","recorded_at":"2026-09-01 11:29:00+00","location_basis":"2016 TLC pickup coordinate reused for a synthetic vehicle"}},{"type":"Feature","geometry":{"type":"Point","coordinates":[-73.97936248779297,40.76655960083008]},"properties":{"vehicle_id":"TLC16-DEMO-0150","status":"charging","recorded_at":"2026-09-01 11:30:00+00","location_basis":"2016 TLC pickup coordinate reused for a synthetic vehicle"}},{"type":"Feature","geometry":{"type":"Point","coordinates":[-73.97882843017578,40.765380859375]},"properties":{"vehicle_id":"TLC16-DEMO-0151","status":"maintenance","recorded_at":"2026-09-01 11:31:00+00","location_basis":"2016 TLC pickup coordinate reused for a synthetic vehicle"}},{"type":"Feature","geometry":{"type":"Point","coordinates":[-73.9783706665039,40.76673126220703]},"properties":{"vehicle_id":"TLC16-DEMO-0152","status":"idle","recorded_at":"2026-09-01 11:32:00+00","location_basis":"2016 TLC pickup coordinate reused for a synthetic vehicle"}},{"type":"Feature","geometry":{"type":"Point","coordinates":[-73.97846221923828,40.76651382446289]},"properties":{"vehicle_id":"TLC16-DEMO-0153","status":"on_trip","recorded_at":"2026-09-01 11:33:00+00","location_basis":"2016 TLC pickup coordinate reused for a synthetic vehicle"}},{"type":"Feature","geometry":{"type":"Point","coordinates":[-73.98013305664062,40.77054977416992]},"properties":{"vehicle_id":"TLC16-DEMO-0154","status":"charging","recorded_at":"2026-09-01 11:34:00+00","location_basis":"2016 TLC pickup coordinate reused for a synthetic vehicle"}},{"type":"Feature","geometry":{"type":"Point","coordinates":[-73.93948364257812,40.706031799316406]},"properties":{"vehicle_id":"TLC16-DEMO-0155","status":"maintenance","recorded_at":"2026-09-01 11:35:00+00","location_basis":"2016 TLC pickup coordinate reused for a synthetic vehicle"}},{"type":"Feature","geometry":{"type":"Point","coordinates":[-73.93830871582031,40.712581634521484]},"properties":{"vehicle_id":"TLC16-DEMO-0156","status":"idle","recorded_at":"2026-09-01 11:36:00+00","location_basis":"2016 TLC pickup coordinate reused for a synthetic vehicle"}},{"type":"Feature","geometry":{"type":"Point","coordinates":[-73.93975067138672,40.707401275634766]},"properties":{"vehicle_id":"TLC16-DEMO-0157","status":"on_trip","recorded_at":"2026-09-01 11:37:00+00","location_basis":"2016 TLC pickup coordinate reused for a synthetic vehicle"}},{"type":"Feature","geometry":{"type":"Point","coordinates":[-73.93260955810547,40.70322036743164]},"properties":{"vehicle_id":"TLC16-DEMO-0158","status":"charging","recorded_at":"2026-09-01 11:38:00+00","location_basis":"2016 TLC pickup coordinate reused for a synthetic vehicle"}},{"type":"Feature","geometry":{"type":"Point","coordinates":[-73.93412017822266,40.69844436645508]},"properties":{"vehicle_id":"TLC16-DEMO-0159","status":"maintenance","recorded_at":"2026-09-01 11:39:00+00","location_basis":"2016 TLC pickup coordinate reused for a synthetic vehicle"}},{"type":"Feature","geometry":{"type":"Point","coordinates":[-73.93209838867188,40.697391510009766]},"properties":{"vehicle_id":"TLC16-DEMO-0160","status":"idle","recorded_at":"2026-09-01 11:40:00+00","location_basis":"2016 TLC pickup coordinate reused for a synthetic vehicle"}},{"type":"Feature","geometry":{"type":"Point","coordinates":[-73.93985748291016,40.701175689697266]},"properties":{"vehicle_id":"TLC16-DEMO-0161","status":"on_trip","recorded_at":"2026-09-01 11:41:00+00","location_basis":"2016 TLC pickup coordinate reused for a synthetic vehicle"}},{"type":"Feature","geometry":{"type":"Point","coordinates":[-73.93553161621094,40.69689178466797]},"properties":{"vehicle_id":"TLC16-DEMO-0162","status":"charging","recorded_at":"2026-09-01 11:42:00+00","location_basis":"2016 TLC pickup coordinate reused for a synthetic vehicle"}},{"type":"Feature","geometry":{"type":"Point","coordinates":[-73.95797729492188,40.708534240722656]},"properties":{"vehicle_id":"TLC16-DEMO-0163","status":"maintenance","recorded_at":"2026-09-01 11:43:00+00","location_basis":"2016 TLC pickup coordinate reused for a synthetic vehicle"}},{"type":"Feature","geometry":{"type":"Point","coordinates":[-73.9549331665039,40.70750045776367]},"properties":{"vehicle_id":"TLC16-DEMO-0164","status":"idle","recorded_at":"2026-09-01 11:44:00+00","location_basis":"2016 TLC pickup coordinate reused for a synthetic vehicle"}},{"type":"Feature","geometry":{"type":"Point","coordinates":[-73.95391845703125,40.707096099853516]},"properties":{"vehicle_id":"TLC16-DEMO-0165","status":"on_trip","recorded_at":"2026-09-01 11:45:00+00","location_basis":"2016 TLC pickup coordinate reused for a synthetic vehicle"}},{"type":"Feature","geometry":{"type":"Point","coordinates":[-73.95626068115234,40.70789337158203]},"properties":{"vehicle_id":"TLC16-DEMO-0166","status":"charging","recorded_at":"2026-09-01 11:46:00+00","location_basis":"2016 TLC pickup coordinate reused for a synthetic vehicle"}},{"type":"Feature","geometry":{"type":"Point","coordinates":[-73.95909881591797,40.70906448364258]},"properties":{"vehicle_id":"TLC16-DEMO-0167","status":"maintenance","recorded_at":"2026-09-01 11:47:00+00","location_basis":"2016 TLC pickup coordinate reused for a synthetic vehicle"}},{"type":"Feature","geometry":{"type":"Point","coordinates":[-73.96356964111328,40.710330963134766]},"properties":{"vehicle_id":"TLC16-DEMO-0168","status":"idle","recorded_at":"2026-09-01 11:48:00+00","location_basis":"2016 TLC pickup coordinate reused for a synthetic vehicle"}},{"type":"Feature","geometry":{"type":"Point","coordinates":[-73.9623031616211,40.709938049316406]},"properties":{"vehicle_id":"TLC16-DEMO-0169","status":"on_trip","recorded_at":"2026-09-01 11:49:00+00","location_basis":"2016 TLC pickup coordinate reused for a synthetic vehicle"}},{"type":"Feature","geometry":{"type":"Point","coordinates":[-73.96171569824219,40.698612213134766]},"properties":{"vehicle_id":"TLC16-DEMO-0170","status":"charging","recorded_at":"2026-09-01 11:50:00+00","location_basis":"2016 TLC pickup coordinate reused for a synthetic vehicle"}},{"type":"Feature","geometry":{"type":"Point","coordinates":[-73.944580078125,40.71445083618164]},"properties":{"vehicle_id":"TLC16-DEMO-0171","status":"maintenance","recorded_at":"2026-09-01 11:51:00+00","location_basis":"2016 TLC pickup coordinate reused for a synthetic vehicle"}},{"type":"Feature","geometry":{"type":"Point","coordinates":[-73.94402313232422,40.71168518066406]},"properties":{"vehicle_id":"TLC16-DEMO-0172","status":"idle","recorded_at":"2026-09-01 11:52:00+00","location_basis":"2016 TLC pickup coordinate reused for a synthetic vehicle"}},{"type":"Feature","geometry":{"type":"Point","coordinates":[-73.94532012939453,40.70943832397461]},"properties":{"vehicle_id":"TLC16-DEMO-0173","status":"on_trip","recorded_at":"2026-09-01 11:53:00+00","location_basis":"2016 TLC pickup coordinate reused for a synthetic vehicle"}},{"type":"Feature","geometry":{"type":"Point","coordinates":[-73.9446792602539,40.711578369140625]},"properties":{"vehicle_id":"TLC16-DEMO-0174","status":"charging","recorded_at":"2026-09-01 11:54:00+00","location_basis":"2016 TLC pickup coordinate reused for a synthetic vehicle"}},{"type":"Feature","geometry":{"type":"Point","coordinates":[-73.947509765625,40.711238861083984]},"properties":{"vehicle_id":"TLC16-DEMO-0175","status":"maintenance","recorded_at":"2026-09-01 11:55:00+00","location_basis":"2016 TLC pickup coordinate reused for a synthetic vehicle"}},{"type":"Feature","geometry":{"type":"Point","coordinates":[-73.94218444824219,40.700828552246094]},"properties":{"vehicle_id":"TLC16-DEMO-0176","status":"idle","recorded_at":"2026-09-01 11:56:00+00","location_basis":"2016 TLC pickup coordinate reused for a synthetic vehicle"}},{"type":"Feature","geometry":{"type":"Point","coordinates":[-73.95668029785156,40.716796875]},"properties":{"vehicle_id":"TLC16-DEMO-0177","status":"on_trip","recorded_at":"2026-09-01 11:57:00+00","location_basis":"2016 TLC pickup coordinate reused for a synthetic vehicle"}},{"type":"Feature","geometry":{"type":"Point","coordinates":[-73.95893859863281,40.71494674682617]},"properties":{"vehicle_id":"TLC16-DEMO-0178","status":"charging","recorded_at":"2026-09-01 11:58:00+00","location_basis":"2016 TLC pickup coordinate reused for a synthetic vehicle"}},{"type":"Feature","geometry":{"type":"Point","coordinates":[-73.96055603027344,40.71522903442383]},"properties":{"vehicle_id":"TLC16-DEMO-0179","status":"maintenance","recorded_at":"2026-09-01 11:59:00+00","location_basis":"2016 TLC pickup coordinate reused for a synthetic vehicle"}},{"type":"Feature","geometry":{"type":"Point","coordinates":[-73.9529037475586,40.713897705078125]},"properties":{"vehicle_id":"TLC16-DEMO-0180","status":"idle","recorded_at":"2026-09-01 12:00:00+00","location_basis":"2016 TLC pickup coordinate reused for a synthetic vehicle"}},{"type":"Feature","geometry":{"type":"Point","coordinates":[-73.95978546142578,40.71096420288086]},"properties":{"vehicle_id":"TLC16-DEMO-0181","status":"on_trip","recorded_at":"2026-09-01 12:01:00+00","location_basis":"2016 TLC pickup coordinate reused for a synthetic vehicle"}},{"type":"Feature","geometry":{"type":"Point","coordinates":[-73.92544555664062,40.76885223388672]},"properties":{"vehicle_id":"TLC16-DEMO-0182","status":"charging","recorded_at":"2026-09-01 12:02:00+00","location_basis":"2016 TLC pickup coordinate reused for a synthetic vehicle"}},{"type":"Feature","geometry":{"type":"Point","coordinates":[-73.93048858642578,40.77021026611328]},"properties":{"vehicle_id":"TLC16-DEMO-0183","status":"maintenance","recorded_at":"2026-09-01 12:03:00+00","location_basis":"2016 TLC pickup coordinate reused for a synthetic vehicle"}},{"type":"Feature","geometry":{"type":"Point","coordinates":[-73.92863464355469,40.769039154052734]},"properties":{"vehicle_id":"TLC16-DEMO-0184","status":"idle","recorded_at":"2026-09-01 12:04:00+00","location_basis":"2016 TLC pickup coordinate reused for a synthetic vehicle"}},{"type":"Feature","geometry":{"type":"Point","coordinates":[-73.93048095703125,40.771141052246094]},"properties":{"vehicle_id":"TLC16-DEMO-0185","status":"on_trip","recorded_at":"2026-09-01 12:05:00+00","location_basis":"2016 TLC pickup coordinate reused for a synthetic vehicle"}},{"type":"Feature","geometry":{"type":"Point","coordinates":[-73.92073059082031,40.77306365966797]},"properties":{"vehicle_id":"TLC16-DEMO-0186","status":"charging","recorded_at":"2026-09-01 12:06:00+00","location_basis":"2016 TLC pickup coordinate reused for a synthetic vehicle"}},{"type":"Feature","geometry":{"type":"Point","coordinates":[-73.91473388671875,40.76380157470703]},"properties":{"vehicle_id":"TLC16-DEMO-0187","status":"maintenance","recorded_at":"2026-09-01 12:07:00+00","location_basis":"2016 TLC pickup coordinate reused for a synthetic vehicle"}},{"type":"Feature","geometry":{"type":"Point","coordinates":[-73.91413879394531,40.76486587524414]},"properties":{"vehicle_id":"TLC16-DEMO-0188","status":"idle","recorded_at":"2026-09-01 12:08:00+00","location_basis":"2016 TLC pickup coordinate reused for a synthetic vehicle"}},{"type":"Feature","geometry":{"type":"Point","coordinates":[-73.91416931152344,40.76493453979492]},"properties":{"vehicle_id":"TLC16-DEMO-0189","status":"on_trip","recorded_at":"2026-09-01 12:09:00+00","location_basis":"2016 TLC pickup coordinate reused for a synthetic vehicle"}},{"type":"Feature","geometry":{"type":"Point","coordinates":[-73.91039276123047,40.76393508911133]},"properties":{"vehicle_id":"TLC16-DEMO-0190","status":"charging","recorded_at":"2026-09-01 12:10:00+00","location_basis":"2016 TLC pickup coordinate reused for a synthetic vehicle"}},{"type":"Feature","geometry":{"type":"Point","coordinates":[-73.91726684570312,40.76119613647461]},"properties":{"vehicle_id":"TLC16-DEMO-0191","status":"maintenance","recorded_at":"2026-09-01 12:11:00+00","location_basis":"2016 TLC pickup coordinate reused for a synthetic vehicle"}},{"type":"Feature","geometry":{"type":"Point","coordinates":[-73.91255950927734,40.75617980957031]},"properties":{"vehicle_id":"TLC16-DEMO-0192","status":"idle","recorded_at":"2026-09-01 12:12:00+00","location_basis":"2016 TLC pickup coordinate reused for a synthetic vehicle"}},{"type":"Feature","geometry":{"type":"Point","coordinates":[-73.92652130126953,40.76567459106445]},"properties":{"vehicle_id":"TLC16-DEMO-0193","status":"on_trip","recorded_at":"2026-09-01 12:13:00+00","location_basis":"2016 TLC pickup coordinate reused for a synthetic vehicle"}},{"type":"Feature","geometry":{"type":"Point","coordinates":[-73.92552947998047,40.761837005615234]},"properties":{"vehicle_id":"TLC16-DEMO-0194","status":"charging","recorded_at":"2026-09-01 12:14:00+00","location_basis":"2016 TLC pickup coordinate reused for a synthetic vehicle"}},{"type":"Feature","geometry":{"type":"Point","coordinates":[-73.92400360107422,40.76361846923828]},"properties":{"vehicle_id":"TLC16-DEMO-0195","status":"maintenance","recorded_at":"2026-09-01 12:15:00+00","location_basis":"2016 TLC pickup coordinate reused for a synthetic vehicle"}},{"type":"Feature","geometry":{"type":"Point","coordinates":[-73.92814636230469,40.76365280151367]},"properties":{"vehicle_id":"TLC16-DEMO-0196","status":"idle","recorded_at":"2026-09-01 12:16:00+00","location_basis":"2016 TLC pickup coordinate reused for a synthetic vehicle"}},{"type":"Feature","geometry":{"type":"Point","coordinates":[-73.92671966552734,40.76521301269531]},"properties":{"vehicle_id":"TLC16-DEMO-0197","status":"on_trip","recorded_at":"2026-09-01 12:17:00+00","location_basis":"2016 TLC pickup coordinate reused for a synthetic vehicle"}},{"type":"Feature","geometry":{"type":"Point","coordinates":[-73.9193115234375,40.759159088134766]},"properties":{"vehicle_id":"TLC16-DEMO-0198","status":"charging","recorded_at":"2026-09-01 12:18:00+00","location_basis":"2016 TLC pickup coordinate reused for a synthetic vehicle"}},{"type":"Feature","geometry":{"type":"Point","coordinates":[-73.9216537475586,40.76024627685547]},"properties":{"vehicle_id":"TLC16-DEMO-0199","status":"maintenance","recorded_at":"2026-09-01 12:19:00+00","location_basis":"2016 TLC pickup coordinate reused for a synthetic vehicle"}},{"type":"Feature","geometry":{"type":"Point","coordinates":[-73.9220962524414,40.75518035888672]},"properties":{"vehicle_id":"TLC16-DEMO-0200","status":"idle","recorded_at":"2026-09-01 12:20:00+00","location_basis":"2016 TLC pickup coordinate reused for a synthetic vehicle"}},{"type":"Feature","geometry":{"type":"Point","coordinates":[-73.91796112060547,40.771400451660156]},"properties":{"vehicle_id":"TLC16-DEMO-0201","status":"on_trip","recorded_at":"2026-09-01 12:21:00+00","location_basis":"2016 TLC pickup coordinate reused for a synthetic vehicle"}},{"type":"Feature","geometry":{"type":"Point","coordinates":[-74.00484466552734,40.74814224243164]},"properties":{"vehicle_id":"TLC16-DEMO-0202","status":"charging","recorded_at":"2026-09-01 12:22:00+00","location_basis":"2016 TLC pickup coordinate reused for a synthetic vehicle"}},{"type":"Feature","geometry":{"type":"Point","coordinates":[-74.00640869140625,40.74464416503906]},"properties":{"vehicle_id":"TLC16-DEMO-0203","status":"maintenance","recorded_at":"2026-09-01 12:23:00+00","location_basis":"2016 TLC pickup coordinate reused for a synthetic vehicle"}},{"type":"Feature","geometry":{"type":"Point","coordinates":[-74.00413513183594,40.747703552246094]},"properties":{"vehicle_id":"TLC16-DEMO-0204","status":"idle","recorded_at":"2026-09-01 12:24:00+00","location_basis":"2016 TLC pickup coordinate reused for a synthetic vehicle"}},{"type":"Feature","geometry":{"type":"Point","coordinates":[-74.0075912475586,40.74290084838867]},"properties":{"vehicle_id":"TLC16-DEMO-0205","status":"on_trip","recorded_at":"2026-09-01 12:25:00+00","location_basis":"2016 TLC pickup coordinate reused for a synthetic vehicle"}},{"type":"Feature","geometry":{"type":"Point","coordinates":[-74.006591796875,40.744117736816406]},"properties":{"vehicle_id":"TLC16-DEMO-0206","status":"charging","recorded_at":"2026-09-01 12:26:00+00","location_basis":"2016 TLC pickup coordinate reused for a synthetic vehicle"}},{"type":"Feature","geometry":{"type":"Point","coordinates":[-74.00550079345703,40.74105453491211]},"properties":{"vehicle_id":"TLC16-DEMO-0207","status":"maintenance","recorded_at":"2026-09-01 12:27:00+00","location_basis":"2016 TLC pickup coordinate reused for a synthetic vehicle"}},{"type":"Feature","geometry":{"type":"Point","coordinates":[-74.00557708740234,40.736873626708984]},"properties":{"vehicle_id":"TLC16-DEMO-0208","status":"idle","recorded_at":"2026-09-01 12:28:00+00","location_basis":"2016 TLC pickup coordinate reused for a synthetic vehicle"}},{"type":"Feature","geometry":{"type":"Point","coordinates":[-74.0083236694336,40.737815856933594]},"properties":{"vehicle_id":"TLC16-DEMO-0209","status":"on_trip","recorded_at":"2026-09-01 12:29:00+00","location_basis":"2016 TLC pickup coordinate reused for a synthetic vehicle"}},{"type":"Feature","geometry":{"type":"Point","coordinates":[-74.00471496582031,40.74178695678711]},"properties":{"vehicle_id":"TLC16-DEMO-0210","status":"charging","recorded_at":"2026-09-01 12:30:00+00","location_basis":"2016 TLC pickup coordinate reused for a synthetic vehicle"}},{"type":"Feature","geometry":{"type":"Point","coordinates":[-74.00824737548828,40.7387580871582]},"properties":{"vehicle_id":"TLC16-DEMO-0211","status":"maintenance","recorded_at":"2026-09-01 12:31:00+00","location_basis":"2016 TLC pickup coordinate reused for a synthetic vehicle"}},{"type":"Feature","geometry":{"type":"Point","coordinates":[-73.99844360351562,40.760948181152344]},"properties":{"vehicle_id":"TLC16-DEMO-0212","status":"idle","recorded_at":"2026-09-01 12:32:00+00","location_basis":"2016 TLC pickup coordinate reused for a synthetic vehicle"}},{"type":"Feature","geometry":{"type":"Point","coordinates":[-74.00297546386719,40.7605094909668]},"properties":{"vehicle_id":"TLC16-DEMO-0213","status":"on_trip","recorded_at":"2026-09-01 12:33:00+00","location_basis":"2016 TLC pickup coordinate reused for a synthetic vehicle"}},{"type":"Feature","geometry":{"type":"Point","coordinates":[-74.00286102294922,40.76047134399414]},"properties":{"vehicle_id":"TLC16-DEMO-0214","status":"charging","recorded_at":"2026-09-01 12:34:00+00","location_basis":"2016 TLC pickup coordinate reused for a synthetic vehicle"}},{"type":"Feature","geometry":{"type":"Point","coordinates":[-73.99803924560547,40.76075744628906]},"properties":{"vehicle_id":"TLC16-DEMO-0215","status":"maintenance","recorded_at":"2026-09-01 12:35:00+00","location_basis":"2016 TLC pickup coordinate reused for a synthetic vehicle"}},{"type":"Feature","geometry":{"type":"Point","coordinates":[-74.00074005126953,40.757755279541016]},"properties":{"vehicle_id":"TLC16-DEMO-0216","status":"idle","recorded_at":"2026-09-01 12:36:00+00","location_basis":"2016 TLC pickup coordinate reused for a synthetic vehicle"}},{"type":"Feature","geometry":{"type":"Point","coordinates":[-74.00235748291016,40.75049591064453]},"properties":{"vehicle_id":"TLC16-DEMO-0217","status":"on_trip","recorded_at":"2026-09-01 12:37:00+00","location_basis":"2016 TLC pickup coordinate reused for a synthetic vehicle"}},{"type":"Feature","geometry":{"type":"Point","coordinates":[-74.00297546386719,40.74819564819336]},"properties":{"vehicle_id":"TLC16-DEMO-0218","status":"charging","recorded_at":"2026-09-01 12:38:00+00","location_basis":"2016 TLC pickup coordinate reused for a synthetic vehicle"}},{"type":"Feature","geometry":{"type":"Point","coordinates":[-74.00648498535156,40.75127410888672]},"properties":{"vehicle_id":"TLC16-DEMO-0219","status":"maintenance","recorded_at":"2026-09-01 12:39:00+00","location_basis":"2016 TLC pickup coordinate reused for a synthetic vehicle"}},{"type":"Feature","geometry":{"type":"Point","coordinates":[-73.99990844726562,40.75431442260742]},"properties":{"vehicle_id":"TLC16-DEMO-0220","status":"idle","recorded_at":"2026-09-01 12:40:00+00","location_basis":"2016 TLC pickup coordinate reused for a synthetic vehicle"}},{"type":"Feature","geometry":{"type":"Point","coordinates":[-74.00353240966797,40.748409271240234]},"properties":{"vehicle_id":"TLC16-DEMO-0221","status":"on_trip","recorded_at":"2026-09-01 12:41:00+00","location_basis":"2016 TLC pickup coordinate reused for a synthetic vehicle"}},{"type":"Feature","geometry":{"type":"Point","coordinates":[-73.9955825805664,40.76450729370117]},"properties":{"vehicle_id":"TLC16-DEMO-0222","status":"charging","recorded_at":"2026-09-01 12:42:00+00","location_basis":"2016 TLC pickup coordinate reused for a synthetic vehicle"}},{"type":"Feature","geometry":{"type":"Point","coordinates":[-73.99329376220703,40.76262664794922]},"properties":{"vehicle_id":"TLC16-DEMO-0223","status":"maintenance","recorded_at":"2026-09-01 12:43:00+00","location_basis":"2016 TLC pickup coordinate reused for a synthetic vehicle"}},{"type":"Feature","geometry":{"type":"Point","coordinates":[-73.99552154541016,40.764408111572266]},"properties":{"vehicle_id":"TLC16-DEMO-0224","status":"idle","recorded_at":"2026-09-01 12:44:00+00","location_basis":"2016 TLC pickup coordinate reused for a synthetic vehicle"}},{"type":"Feature","geometry":{"type":"Point","coordinates":[-73.99687194824219,40.762916564941406]},"properties":{"vehicle_id":"TLC16-DEMO-0225","status":"on_trip","recorded_at":"2026-09-01 12:45:00+00","location_basis":"2016 TLC pickup coordinate reused for a synthetic vehicle"}},{"type":"Feature","geometry":{"type":"Point","coordinates":[-73.99394989013672,40.76696014404297]},"properties":{"vehicle_id":"TLC16-DEMO-0226","status":"charging","recorded_at":"2026-09-01 12:46:00+00","location_basis":"2016 TLC pickup coordinate reused for a synthetic vehicle"}},{"type":"Feature","geometry":{"type":"Point","coordinates":[-73.99007415771484,40.75706100463867]},"properties":{"vehicle_id":"TLC16-DEMO-0227","status":"maintenance","recorded_at":"2026-09-01 12:47:00+00","location_basis":"2016 TLC pickup coordinate reused for a synthetic vehicle"}},{"type":"Feature","geometry":{"type":"Point","coordinates":[-73.99759674072266,40.75672912597656]},"properties":{"vehicle_id":"TLC16-DEMO-0228","status":"idle","recorded_at":"2026-09-01 12:48:00+00","location_basis":"2016 TLC pickup coordinate reused for a synthetic vehicle"}},{"type":"Feature","geometry":{"type":"Point","coordinates":[-73.9900894165039,40.75664138793945]},"properties":{"vehicle_id":"TLC16-DEMO-0229","status":"on_trip","recorded_at":"2026-09-01 12:49:00+00","location_basis":"2016 TLC pickup coordinate reused for a synthetic vehicle"}},{"type":"Feature","geometry":{"type":"Point","coordinates":[-73.98969268798828,40.757118225097656]},"properties":{"vehicle_id":"TLC16-DEMO-0230","status":"charging","recorded_at":"2026-09-01 12:50:00+00","location_basis":"2016 TLC pickup coordinate reused for a synthetic vehicle"}},{"type":"Feature","geometry":{"type":"Point","coordinates":[-73.9892578125,40.758758544921875]},"properties":{"vehicle_id":"TLC16-DEMO-0231","status":"maintenance","recorded_at":"2026-09-01 12:51:00+00","location_basis":"2016 TLC pickup coordinate reused for a synthetic vehicle"}},{"type":"Feature","geometry":{"type":"Point","coordinates":[-74.01454162597656,40.70473098754883]},"properties":{"vehicle_id":"TLC16-DEMO-0232","status":"idle","recorded_at":"2026-09-01 12:52:00+00","location_basis":"2016 TLC pickup coordinate reused for a synthetic vehicle"}},{"type":"Feature","geometry":{"type":"Point","coordinates":[-74.01252746582031,40.702598571777344]},"properties":{"vehicle_id":"TLC16-DEMO-0233","status":"on_trip","recorded_at":"2026-09-01 12:53:00+00","location_basis":"2016 TLC pickup coordinate reused for a synthetic vehicle"}},{"type":"Feature","geometry":{"type":"Point","coordinates":[-74.01207733154297,40.701416015625]},"properties":{"vehicle_id":"TLC16-DEMO-0234","status":"charging","recorded_at":"2026-09-01 12:54:00+00","location_basis":"2016 TLC pickup coordinate reused for a synthetic vehicle"}},{"type":"Feature","geometry":{"type":"Point","coordinates":[-74.01275634765625,40.702430725097656]},"properties":{"vehicle_id":"TLC16-DEMO-0235","status":"maintenance","recorded_at":"2026-09-01 12:55:00+00","location_basis":"2016 TLC pickup coordinate reused for a synthetic vehicle"}},{"type":"Feature","geometry":{"type":"Point","coordinates":[-74.01276397705078,40.70686721801758]},"properties":{"vehicle_id":"TLC16-DEMO-0236","status":"idle","recorded_at":"2026-09-01 12:56:00+00","location_basis":"2016 TLC pickup coordinate reused for a synthetic vehicle"}},{"type":"Feature","geometry":{"type":"Point","coordinates":[-74.00992584228516,40.71269226074219]},"properties":{"vehicle_id":"TLC16-DEMO-0237","status":"on_trip","recorded_at":"2026-09-01 12:57:00+00","location_basis":"2016 TLC pickup coordinate reused for a synthetic vehicle"}},{"type":"Feature","geometry":{"type":"Point","coordinates":[-74.00912475585938,40.710777282714844]},"properties":{"vehicle_id":"TLC16-DEMO-0238","status":"charging","recorded_at":"2026-09-01 12:58:00+00","location_basis":"2016 TLC pickup coordinate reused for a synthetic vehicle"}},{"type":"Feature","geometry":{"type":"Point","coordinates":[-74.00930786132812,40.711002349853516]},"properties":{"vehicle_id":"TLC16-DEMO-0239","status":"maintenance","recorded_at":"2026-09-01 12:59:00+00","location_basis":"2016 TLC pickup coordinate reused for a synthetic vehicle"}},{"type":"Feature","geometry":{"type":"Point","coordinates":[-74.00959777832031,40.70656967163086]},"properties":{"vehicle_id":"TLC16-DEMO-0240","status":"idle","recorded_at":"2026-09-01 13:00:00+00","location_basis":"2016 TLC pickup coordinate reused for a synthetic vehicle"}},{"type":"Feature","geometry":{"type":"Point","coordinates":[-74.01058197021484,40.70896530151367]},"properties":{"vehicle_id":"TLC16-DEMO-0241","status":"on_trip","recorded_at":"2026-09-01 13:01:00+00","location_basis":"2016 TLC pickup coordinate reused for a synthetic vehicle"}},{"type":"Feature","geometry":{"type":"Point","coordinates":[-73.99824523925781,40.722965240478516]},"properties":{"vehicle_id":"TLC16-DEMO-0242","status":"charging","recorded_at":"2026-09-01 13:02:00+00","location_basis":"2016 TLC pickup coordinate reused for a synthetic vehicle"}},{"type":"Feature","geometry":{"type":"Point","coordinates":[-74.00447082519531,40.721229553222656]},"properties":{"vehicle_id":"TLC16-DEMO-0243","status":"maintenance","recorded_at":"2026-09-01 13:03:00+00","location_basis":"2016 TLC pickup coordinate reused for a synthetic vehicle"}},{"type":"Feature","geometry":{"type":"Point","coordinates":[-74.00347900390625,40.72053909301758]},"properties":{"vehicle_id":"TLC16-DEMO-0244","status":"idle","recorded_at":"2026-09-01 13:04:00+00","location_basis":"2016 TLC pickup coordinate reused for a synthetic vehicle"}},{"type":"Feature","geometry":{"type":"Point","coordinates":[-74.00575256347656,40.72529983520508]},"properties":{"vehicle_id":"TLC16-DEMO-0245","status":"on_trip","recorded_at":"2026-09-01 13:05:00+00","location_basis":"2016 TLC pickup coordinate reused for a synthetic vehicle"}},{"type":"Feature","geometry":{"type":"Point","coordinates":[-73.9963607788086,40.7238883972168]},"properties":{"vehicle_id":"TLC16-DEMO-0246","status":"charging","recorded_at":"2026-09-01 13:06:00+00","location_basis":"2016 TLC pickup coordinate reused for a synthetic vehicle"}},{"type":"Feature","geometry":{"type":"Point","coordinates":[-73.99779510498047,40.71693801879883]},"properties":{"vehicle_id":"TLC16-DEMO-0247","status":"maintenance","recorded_at":"2026-09-01 13:07:00+00","location_basis":"2016 TLC pickup coordinate reused for a synthetic vehicle"}},{"type":"Feature","geometry":{"type":"Point","coordinates":[-74.00064086914062,40.71841049194336]},"properties":{"vehicle_id":"TLC16-DEMO-0248","status":"idle","recorded_at":"2026-09-01 13:08:00+00","location_basis":"2016 TLC pickup coordinate reused for a synthetic vehicle"}},{"type":"Feature","geometry":{"type":"Point","coordinates":[-74.00119018554688,40.71773147583008]},"properties":{"vehicle_id":"TLC16-DEMO-0249","status":"on_trip","recorded_at":"2026-09-01 13:09:00+00","location_basis":"2016 TLC pickup coordinate reused for a synthetic vehicle"}},{"type":"Feature","geometry":{"type":"Point","coordinates":[-73.99669647216797,40.71480178833008]},"properties":{"vehicle_id":"TLC16-DEMO-0250","status":"charging","recorded_at":"2026-09-01 13:10:00+00","location_basis":"2016 TLC pickup coordinate reused for a synthetic vehicle"}},{"type":"Feature","geometry":{"type":"Point","coordinates":[-73.99856567382812,40.71702575683594]},"properties":{"vehicle_id":"TLC16-DEMO-0251","status":"maintenance","recorded_at":"2026-09-01 13:11:00+00","location_basis":"2016 TLC pickup coordinate reused for a synthetic vehicle"}},{"type":"Feature","geometry":{"type":"Point","coordinates":[-74.005859375,40.71767807006836]},"properties":{"vehicle_id":"TLC16-DEMO-0252","status":"idle","recorded_at":"2026-09-01 13:12:00+00","location_basis":"2016 TLC pickup coordinate reused for a synthetic vehicle"}},{"type":"Feature","geometry":{"type":"Point","coordinates":[-74.008056640625,40.7148551940918]},"properties":{"vehicle_id":"TLC16-DEMO-0253","status":"on_trip","recorded_at":"2026-09-01 13:13:00+00","location_basis":"2016 TLC pickup coordinate reused for a synthetic vehicle"}},{"type":"Feature","geometry":{"type":"Point","coordinates":[-74.00856018066406,40.719970703125]},"properties":{"vehicle_id":"TLC16-DEMO-0254","status":"charging","recorded_at":"2026-09-01 13:14:00+00","location_basis":"2016 TLC pickup coordinate reused for a synthetic vehicle"}},{"type":"Feature","geometry":{"type":"Point","coordinates":[-74.00991821289062,40.72121810913086]},"properties":{"vehicle_id":"TLC16-DEMO-0255","status":"maintenance","recorded_at":"2026-09-01 13:15:00+00","location_basis":"2016 TLC pickup coordinate reused for a synthetic vehicle"}},{"type":"Feature","geometry":{"type":"Point","coordinates":[-74.0117416381836,40.71450424194336]},"properties":{"vehicle_id":"TLC16-DEMO-0256","status":"idle","recorded_at":"2026-09-01 13:16:00+00","location_basis":"2016 TLC pickup coordinate reused for a synthetic vehicle"}},{"type":"Feature","geometry":{"type":"Point","coordinates":[-73.99919891357422,40.72798538208008]},"properties":{"vehicle_id":"TLC16-DEMO-0257","status":"on_trip","recorded_at":"2026-09-01 13:17:00+00","location_basis":"2016 TLC pickup coordinate reused for a synthetic vehicle"}},{"type":"Feature","geometry":{"type":"Point","coordinates":[-73.9942398071289,40.72843551635742]},"properties":{"vehicle_id":"TLC16-DEMO-0258","status":"charging","recorded_at":"2026-09-01 13:18:00+00","location_basis":"2016 TLC pickup coordinate reused for a synthetic vehicle"}},{"type":"Feature","geometry":{"type":"Point","coordinates":[-73.99420928955078,40.724769592285156]},"properties":{"vehicle_id":"TLC16-DEMO-0259","status":"maintenance","recorded_at":"2026-09-01 13:19:00+00","location_basis":"2016 TLC pickup coordinate reused for a synthetic vehicle"}},{"type":"Feature","geometry":{"type":"Point","coordinates":[-73.99596405029297,40.72541427612305]},"properties":{"vehicle_id":"TLC16-DEMO-0260","status":"idle","recorded_at":"2026-09-01 13:20:00+00","location_basis":"2016 TLC pickup coordinate reused for a synthetic vehicle"}},{"type":"Feature","geometry":{"type":"Point","coordinates":[-73.99565887451172,40.72513961791992]},"properties":{"vehicle_id":"TLC16-DEMO-0261","status":"on_trip","recorded_at":"2026-09-01 13:21:00+00","location_basis":"2016 TLC pickup coordinate reused for a synthetic vehicle"}},{"type":"Feature","geometry":{"type":"Point","coordinates":[-73.98764038085938,40.72173309326172]},"properties":{"vehicle_id":"TLC16-DEMO-0262","status":"charging","recorded_at":"2026-09-01 13:22:00+00","location_basis":"2016 TLC pickup coordinate reused for a synthetic vehicle"}},{"type":"Feature","geometry":{"type":"Point","coordinates":[-73.9883804321289,40.718448638916016]},"properties":{"vehicle_id":"TLC16-DEMO-0263","status":"maintenance","recorded_at":"2026-09-01 13:23:00+00","location_basis":"2016 TLC pickup coordinate reused for a synthetic vehicle"}},{"type":"Feature","geometry":{"type":"Point","coordinates":[-73.98639678955078,40.7224006652832]},"properties":{"vehicle_id":"TLC16-DEMO-0264","status":"idle","recorded_at":"2026-09-01 13:24:00+00","location_basis":"2016 TLC pickup coordinate reused for a synthetic vehicle"}},{"type":"Feature","geometry":{"type":"Point","coordinates":[-73.98948669433594,40.72057342529297]},"properties":{"vehicle_id":"TLC16-DEMO-0265","status":"on_trip","recorded_at":"2026-09-01 13:25:00+00","location_basis":"2016 TLC pickup coordinate reused for a synthetic vehicle"}},{"type":"Feature","geometry":{"type":"Point","coordinates":[-73.98619079589844,40.722476959228516]},"properties":{"vehicle_id":"TLC16-DEMO-0266","status":"charging","recorded_at":"2026-09-01 13:26:00+00","location_basis":"2016 TLC pickup coordinate reused for a synthetic vehicle"}},{"type":"Feature","geometry":{"type":"Point","coordinates":[-74.00000762939453,40.728431701660156]},"properties":{"vehicle_id":"TLC16-DEMO-0267","status":"maintenance","recorded_at":"2026-09-01 13:27:00+00","location_basis":"2016 TLC pickup coordinate reused for a synthetic vehicle"}},{"type":"Feature","geometry":{"type":"Point","coordinates":[-74.00086212158203,40.731685638427734]},"properties":{"vehicle_id":"TLC16-DEMO-0268","status":"idle","recorded_at":"2026-09-01 13:28:00+00","location_basis":"2016 TLC pickup coordinate reused for a synthetic vehicle"}},{"type":"Feature","geometry":{"type":"Point","coordinates":[-74.00196838378906,40.729488372802734]},"properties":{"vehicle_id":"TLC16-DEMO-0269","status":"on_trip","recorded_at":"2026-09-01 13:29:00+00","location_basis":"2016 TLC pickup coordinate reused for a synthetic vehicle"}},{"type":"Feature","geometry":{"type":"Point","coordinates":[-74.00287628173828,40.72819900512695]},"properties":{"vehicle_id":"TLC16-DEMO-0270","status":"charging","recorded_at":"2026-09-01 13:30:00+00","location_basis":"2016 TLC pickup coordinate reused for a synthetic vehicle"}},{"type":"Feature","geometry":{"type":"Point","coordinates":[-74.00680541992188,40.73045349121094]},"properties":{"vehicle_id":"TLC16-DEMO-0271","status":"maintenance","recorded_at":"2026-09-01 13:31:00+00","location_basis":"2016 TLC pickup coordinate reused for a synthetic vehicle"}},{"type":"Feature","geometry":{"type":"Point","coordinates":[-73.98950958251953,40.70183181762695]},"properties":{"vehicle_id":"TLC16-DEMO-0272","status":"idle","recorded_at":"2026-09-01 13:32:00+00","location_basis":"2016 TLC pickup coordinate reused for a synthetic vehicle"}},{"type":"Feature","geometry":{"type":"Point","coordinates":[-73.98680114746094,40.70158004760742]},"properties":{"vehicle_id":"TLC16-DEMO-0273","status":"on_trip","recorded_at":"2026-09-01 13:33:00+00","location_basis":"2016 TLC pickup coordinate reused for a synthetic vehicle"}},{"type":"Feature","geometry":{"type":"Point","coordinates":[-73.98989868164062,40.70578384399414]},"properties":{"vehicle_id":"TLC16-DEMO-0274","status":"charging","recorded_at":"2026-09-01 13:34:00+00","location_basis":"2016 TLC pickup coordinate reused for a synthetic vehicle"}},{"type":"Feature","geometry":{"type":"Point","coordinates":[-73.9881820678711,40.700687408447266]},"properties":{"vehicle_id":"TLC16-DEMO-0275","status":"maintenance","recorded_at":"2026-09-01 13:35:00+00","location_basis":"2016 TLC pickup coordinate reused for a synthetic vehicle"}},{"type":"Feature","geometry":{"type":"Point","coordinates":[-73.9894027709961,40.702449798583984]},"properties":{"vehicle_id":"TLC16-DEMO-0276","status":"idle","recorded_at":"2026-09-01 13:36:00+00","location_basis":"2016 TLC pickup coordinate reused for a synthetic vehicle"}},{"type":"Feature","geometry":{"type":"Point","coordinates":[-73.99239349365234,40.713382720947266]},"properties":{"vehicle_id":"TLC16-DEMO-0277","status":"on_trip","recorded_at":"2026-09-01 13:37:00+00","location_basis":"2016 TLC pickup coordinate reused for a synthetic vehicle"}},{"type":"Feature","geometry":{"type":"Point","coordinates":[-73.9932632446289,40.71392059326172]},"properties":{"vehicle_id":"TLC16-DEMO-0278","status":"charging","recorded_at":"2026-09-01 13:38:00+00","location_basis":"2016 TLC pickup coordinate reused for a synthetic vehicle"}},{"type":"Feature","geometry":{"type":"Point","coordinates":[-73.99315643310547,40.71527862548828]},"properties":{"vehicle_id":"TLC16-DEMO-0279","status":"maintenance","recorded_at":"2026-09-01 13:39:00+00","location_basis":"2016 TLC pickup coordinate reused for a synthetic vehicle"}},{"type":"Feature","geometry":{"type":"Point","coordinates":[-73.99291229248047,40.71384048461914]},"properties":{"vehicle_id":"TLC16-DEMO-0280","status":"idle","recorded_at":"2026-09-01 13:40:00+00","location_basis":"2016 TLC pickup coordinate reused for a synthetic vehicle"}},{"type":"Feature","geometry":{"type":"Point","coordinates":[-73.98992919921875,40.715328216552734]},"properties":{"vehicle_id":"TLC16-DEMO-0281","status":"on_trip","recorded_at":"2026-09-01 13:41:00+00","location_basis":"2016 TLC pickup coordinate reused for a synthetic vehicle"}}]}
